ResID;ResSvc;ResName;ResCode;ResBaseLDAP;ResAdmin;ResOwner;ResAsLDAP;ResLimit;ResNote;ResIsPrivate
8;9;СКС;;;3844;2667;ЛОЖЬ;;;ЛОЖЬ
9;9;Прямые;;;3844;2667;ЛОЖЬ;;;ЛОЖЬ
10;5;AD CORP;AD;10;2948;2947;ИСТИНА;;;ЛОЖЬ
11;20;VPN_Admins;VPN_Admins;10;893;2948;ЛОЖЬ;;;ЛОЖЬ
12;20;VPN_Users;VPN_Users;10;893;2948;ЛОЖЬ;;;ЛОЖЬ
13;20;VPN_1C;VPN_1C;10;893;2948;ЛОЖЬ;;;ЛОЖЬ
14;131;Доступ: NewsRoom:Основной;NewsRoom:Основной;;3844;4270;ЛОЖЬ;;;ИСТИНА
15;132;АРМ CMS Pro (старая) - ОТКЛЮЧЕНА;CMSPro;;3844;5;ЛОЖЬ;;;ЛОЖЬ
16;131;Доступ: NewsRoom:Летучки;NewsRoom:Летучки;;3844;4270;ЛОЖЬ;;;ИСТИНА
17;131;Доступ: NewsRoom:Посетители;NewsRoom:Посетители;;3844;4270;ЛОЖЬ;;;ИСТИНА
18;131;Доступ: ВЕЗДЕХОД;ВЕЗДЕХОД;;3844;10890;ЛОЖЬ;;;ИСТИНА
19;131;Доступ: NewsRoom:Пожарная лестница;NewsRoom:Пожарная;;3844;4270;ЛОЖЬ;;;ИСТИНА
20;131;Доступ: NewsRoom:Серверная;NewsRoom:Серверная;;3844;10890;ЛОЖЬ;;;ИСТИНА
22;131;Группа: ТД: Поддержка пользователей;ТД:ОТО;;3844;10890;ЛОЖЬ;;;ЛОЖЬ
23;131;Группа: ТД: Поддержка инфраструктуры;ТД:Инфраструктура;;3844;10890;ЛОЖЬ;;;ЛОЖЬ
24;131;Группа: ТД: Системная поддержка;ТД:ОИС;;3844;10890;ЛОЖЬ;;;ЛОЖЬ
25;131;Доступ: ЛАЦ (320, 322);ЛАЦ (320, 322);;3844;10890;ЛОЖЬ;;;ЛОЖЬ
26;131;Доступ: СИМТА;СИМТА;;3844;10890;ЛОЖЬ;;Аудит 04.05.16 - ОК.;ИСТИНА
27;119;База ZUP;ZUP;;2411;3899;ЛОЖЬ;;8.3;ЛОЖЬ
28;13;Lotus (учетные записи);УЗ;;27;;ИСТИНА;;;ЛОЖЬ
31;117;LNHTTP_Readers (читатели);Readers;28;1365;4270;ЛОЖЬ;;;ЛОЖЬ
32;117;LNHTTP_Users (писатели);Users;28;1365;4270;ЛОЖЬ;;Разграничения по редакциям нет. Информация подается на вход редакций, которые выбираетс сам корреспондент (инфа от Аверенковой);ЛОЖЬ
104;97;Главный Выпуск (ГЛВ);;28;1365;4270;ЛОЖЬ;;LN20/LN21;ЛОЖЬ
105;97;АФРИКА;;28;1365;4270;ЛОЖЬ;;LN14/LN15, не используется;ИСТИНА
106;97;АМС;;28;1365;4270;ЛОЖЬ;;LN14/LN15, не используется;ИСТИНА
107;97;АМС_АР;;28;1365;4270;ЛОЖЬ;;LN14/LN15, не используется;ИСТИНА
108;97;АМС_НЕМ;;28;1365;4270;ЛОЖЬ;;LN14/LN15, не используется;ИСТИНА
109;97;АМС_АНГЛ;;28;1365;4270;ЛОЖЬ;;LN14/LN15;ЛОЖЬ
110;97;АМС_ФР;;28;1365;4270;ЛОЖЬ;;LN14/LN15, не испрользуется;ИСТИНА
111;97;АМС-Выпуск;;28;1365;4270;ЛОЖЬ;;LN14/LN15;ЛОЖЬ
112;97;АМС_ИС;;28;1365;4270;ЛОЖЬ;;LN14/LN15, не используется;ИСТИНА
113;97;АНОНС;;28;1365;4270;ЛОЖЬ;;LN14/LN15;ЛОЖЬ
114;97;АРЦ ( Berlin);;28;1365;4270;ЛОЖЬ;;LN14/LN15;ЛОЖЬ
115;97;АРЦ (EKTR);;28;1365;4270;ЛОЖЬ;;LN14/LN15;ЛОЖЬ
116;97;АРЦ (LONDON);;28;1365;4270;ЛОЖЬ;;LN14/LN15;ЛОЖЬ
117;97;АРЦ (NVSB);;28;1365;4270;ЛОЖЬ;;LN14/LN15;ЛОЖЬ
118;97;АРЦ (PARIS);;28;1365;4270;ЛОЖЬ;;LN14/LN15;ЛОЖЬ
119;97;АРЦ (USA);;28;1365;4270;ЛОЖЬ;;LN14/LN15;ЛОЖЬ
120;97;АРМС;;28;1365;4270;ЛОЖЬ;;LN14/LN15;ЛОЖЬ
121;97;АЗИЯ;;28;1365;4270;ЛОЖЬ;;LN14/LN15, не используется;ИСТИНА
122;97;БИЗНЕС-ТАСС;;28;1365;4270;ЛОЖЬ;;LN14/LN15;ЛОЖЬ
123;97;ЕВРО;;28;1365;4270;ЛОЖЬ;;LN14/LN15, не используется;ИСТИНА
124;97;ГРВИ;;28;1365;4270;ЛОЖЬ;;LN14/LN15;ЛОЖЬ
125;97;ГРИИ;;28;1365;4270;ЛОЖЬ;;LN14/LN15;ЛОЖЬ
126;97;Вести 5 КОНТ;;28;1365;4270;ЛОЖЬ;;LN14/LN15;ЛОЖЬ
127;97;РЕДАКЦИЯ КОРСЕТИ (ОРКС);;28;1365;4270;ЛОЖЬ;;LN14/LN15;ЛОЖЬ
128;97;ОТДЕЛ ПЕРЕВОДОВ ОТР;;28;1365;4270;ЛОЖЬ;;LN14/LN15, не используется;ИСТИНА
129;97;РИОСН;;28;1365;4270;ЛОЖЬ;;LN14/LN15;ЛОЖЬ
130;97;РСГБ;;28;1365;4270;ЛОЖЬ;;LN14/LN15, не используется;ИСТИНА
131;97;САМР;;28;1365;4270;ЛОЖЬ;;LN14/LN15, не используется;ИСТИНА
132;97;СЛУЖБА БАНКОВ ДАННЫХ (СБД);;28;1365;4270;ЛОЖЬ;;LN14/LN15,  не используется;ИСТИНА
133;97;СПОРТ;;28;1365;4270;ЛОЖЬ;;LN14/LN15;ЛОЖЬ
134;97;ТАСС-ЦЕНТР (ТМОС);;28;1365;4270;ЛОЖЬ;;LN14/LN15;ЛОЖЬ
135;97;ТЕКСТ-ФОТО;;28;1365;4270;ЛОЖЬ;;LN14/LN15, не используется;ИСТИНА
136;97;ТАСС-ПРЕСС;;28;1365;4270;ЛОЖЬ;;LN14/LN15;ЛОЖЬ
137;6;Биллинг (GTDB);Биллинг;10;737;10890;ЛОЖЬ;;msk-billing.corp.tass.ru (на VM);ЛОЖЬ
138;6;"PC ""Keeper""";;10;737;10890;ЛОЖЬ;;Документация, мониторинг (АРМ в к.303/2);ЛОЖЬ
139;6;Сервер:CUCM-240;CUCM-240;;737;10890;ЛОЖЬ;;UCUCS-EZ-C240M3S (2 шт., зал АСОС);ИСТИНА
140;6;Сервер:USC-BE;USC-BE;;737;10890;ЛОЖЬ;;UCS C220 M3S BE Server (2 шт., зал АСОС);ИСТИНА
141;6;Сервер:USC-TCS;USC-TCS;;737;10890;ЛОЖЬ;;UCS C220 M3S TCS Server (1 шт., зал АСОС);ИСТИНА
142;6;Сервер:UCUCS-220;UCUCS-220;;737;10890;ЛОЖЬ;;UCUCS-EZ-C220M3S (1 шт., зал АСОС);ИСТИНА
143;6;Сервер:MCU-5320;MCU-5320;;737;10890;ЛОЖЬ;;CTI-5320-MCU-K9 Cisco TelePresence (2 шт., зал АСОС);ИСТИНА
144;6;АТС:IPLDK;;;737;10890;ЛОЖЬ;;Брянская, 7;ИСТИНА
145;6;АТС:MD-110;;;737;10890;ЛОЖЬ;;к.305/2;ИСТИНА
146;6;Шлюз:ГО-1 (172.29.16.4);;;737;10890;ЛОЖЬ;;MSK-TASS-C3925V-1 (АСОС);ИСТИНА
147;6;Шлюз:ГО-VG350 (172.29.16.6);;;737;10890;ЛОЖЬ;;MSK-TASS-VG350-1;ИСТИНА
148;6;Шлюз:Брянская (192.168.59.48);;;737;10890;ЛОЖЬ;;Branskaya cisco 2621;ИСТИНА
149;151;База данных Djin;Djin;10;893;2581;ЛОЖЬ;;"Клиент + БД + шара.
Клиент установлен на всех компах в ТАСС-Аудио.
На БД и шару доступ предоставляется посредством группы MOS\DigispotUsers, а в следствии миграции – CORP\DigispotUsers. В разговоре с Мезенцевым от 30.01.15 он признал себя ""владельцем"". Теххподдержка: компания ТРАКТ, Денис Тарсуков – 89264785320 (есть в Подрядчиках)";ЛОЖЬ
150;159;Группа анонсов;anons@tass.ru;10;2948;3219;ЛОЖЬ;;"Поляков А. - с 30.09.15.  Ящик anons@tass.ru необходим Группе анонсов для консолидации потока входящих сообщений о предстоящих событиях от внешних партнеров Агентства, корреспондентов и редакций ТАСС. В дальнейшем, этот ящик должен полностью заменить используемый сегодня glv_anons@tass.ru. К недостаткам последнего можно отнести сложность названия для запоминания и «замусоренность» потерявшими актуальность источниками.

Важно, чтобы каждый, кто имеет доступ к ящику, видел статус сообщения – просмотрено оно или нет. Ввиду этого, вероятно, невозможно создание группы рассылки.
Ответственный за ящик – Платов Артем.

С уважением 

Артем Платов
руководитель группы 
Календарь дат и событий 
Службы мониторинга ТАСС 

+7(906)079-16-86
+7 (499)791-04-44 доб. 77-57";ЛОЖЬ
151;159;Отдел Вооруженных Сил и Космоса;mostass@tass.ru;10;2948;1001;ЛОЖЬ;;Предположительно: Общий ящик Отдела Вооруженных Сил и Космоса;ЛОЖЬ
152;131;Доступ: ТД-временные (только для временных!);ТД (временные);;3844;5;ЛОЖЬ;;Аудит 04.05.16 - ОК. Группа ТД_вх/вых 24. Для постоянных работников ТД - по умолчанию (Группа Службы:ТД).;ЛОЖЬ
153;6;Шлюз:ГО-2 (172.29.16.5);;;737;10890;ЛОЖЬ;;MSK-TASS-C3925V-2;ИСТИНА
154;6;Шлюз:РИЦ Екатеринбург (172.27.2.1);;;737;10890;ЛОЖЬ;;EKT-C3925-DC-01_01;ИСТИНА
155;6;Шлюз:РИЦ Киев (195.64.226.137);;;737;10890;ЛОЖЬ;;CISCO C827-4V;ИСТИНА
156;6;Шлюз:РИЦ Петушки (172.27.7.1);;;737;10890;ЛОЖЬ;;RC-C2851-00-01  (DATA, Петушки);ИСТИНА
157;6;Шлюз:РИЦ Токио (172.16.20.59);;;737;10890;ЛОЖЬ;;TKY1-LAR1;ИСТИНА
158;6;Шлюз:РИЦ Лондон (172.27.4.1);;;737;10890;ЛОЖЬ;;UK-C3925-00-01;ИСТИНА
159;6;Шлюз:РИЦ Нью-Йорк (172.27.10.1);;;737;10890;ЛОЖЬ;;NY-C3925-00-01;ИСТИНА
160;6;Шлюз:РИЦ Новосибирск (172.27.0.1);;;737;10890;ЛОЖЬ;;NSK-C3925-DC-01_01;ИСТИНА
161;6;Шлюз:РИЦ Пекин (172.16.20.75);;;737;10890;ЛОЖЬ;;PKN1-LAR1;ИСТИНА
162;6;Шлюз:РИЦ Париж (172.27.15.1);;;737;10890;ЛОЖЬ;;PRS-C3925-00-01;ИСТИНА
163;6;Шлюз:РИЦ Питер (172.27.8.1);;;737;10890;ЛОЖЬ;;SPB-C3925-00-01;ИСТИНА
164;6;Шлюз:РИЦ Вашингтон (172.27.12.1);;;737;10890;ЛОЖЬ;;WSH-C3925-00-01;ИСТИНА
165;6;Шлюз:ГО-MCU-1 (172.29.16.7);;;737;10890;ЛОЖЬ;;MSK-TASS-MCU-1;ИСТИНА
166;6;Шлюз:ГО-MCU-2 (172.29.16.8);;;737;10890;ЛОЖЬ;;MSK-TASS-MCU-2;ИСТИНА
167;15;Mail Forward;!MB-Forward;10;2948;3844;ЛОЖЬ;;"Доступ и переадресация к чужому п/я. Технология: 1)      Преобразовывать учетную запись в shared mailbox и скрывать в адресной книги.
2)      Предоставлять доступ к shared mailbox сотруднику сделавшему запрос на доступ( согласование ИБ обязательно).
3)      Включать переадресацию почты в целевой почтовый ящик.
4)      Размещать учетные записи в контейнере /Service Accounts/SharedMailbox/Уволенные:
5)      В учетной записи указывать номер заявки на основании которой была переделана учетная запись:";ЛОЖЬ
175;159;england_london@tass.ru;england_london@tass.ru;10;2948;1169;ЛОЖЬ;;групповой адрес представительства в Лондоне (по заявке 7079);ЛОЖЬ
176;5;Локальный администратор АРМ (для хелпдеск);GlobalPCAdmin;10;2948;2370;ЛОЖЬ;;Группа GLOBAL_PC_Admin;ЛОЖЬ
178;159;contact@itar-tass.com;contact@itar-tass.com;28;27;10890;ЛОЖЬ;;Для RUCENTER (как общая папка);ЛОЖЬ
179;147;QRator;QRator;;2414;3844;ЛОЖЬ;;№ 36961INL15/02-0001,   476/14-Р;ЛОЖЬ
180;119;База Buh_centr - Бухгалтерия и остатки бюджетирования;Buh_centr;;2411;3899;ЛОЖЬ;;8.3;ЛОЖЬ
181;119;База Buh_kazna;Buh_kazna;;2411;3899;ЛОЖЬ;;8.3;ЛОЖЬ
183;159;ТАСС-Екатеринбург;reg_smi@tass.ru;10;2948;4706;ЛОЖЬ;;"7545, удаление 74316
 
1)      Получения от муниципальных СМИ новостной информации с целью ее последующей обработки и передачи в Службу региональных новостей для размещения на ресурсах ТАСС.
2)      Получения от муниципальных СМИ информации об использовании ими подписки на продукты ТАСС, о количестве и теме цитат.
3)      Получения от муниципальных СМИ вопросов для дистанционного участия в пресс-конференциях РИЦ ТАСС-Урал.
4)      Получения от муниципальных СМИ аудиовизуальной информации, передаваемой по запросам РИЦ или собственной инициативе.
 
Отдельный адрес необходим для целенаправленного управления обменом информацией более чем с 40 СМИ в Свердловской области и для учета и хранения всех объемов переданных и полученных в этом обмене данных.";ЛОЖЬ
184;160;Корпоративный фотобанк;photobank@tass.ru;10;2948;93;ЛОЖЬ;;Заявка 7266. Назначение: оптимизация работы по направлению «коммерческие фотобанки»;ЛОЖЬ
185;159;business@tass.ru (MB_business);business@tass.ru;10;2948;10817;ЛОЖЬ;;Заявка 7563. смена владельца по 32605;ЛОЖЬ
186;159;sport@tass.ru;sport@tass.ru;10;2948;4221;ЛОЖЬ;;;ЛОЖЬ
188;160;Спецпроект фотохостингов редакции фотоинформации ТАСС;photohosting@tass.ru;10;2948;4643;ЛОЖЬ;;"Заявка 7739. 	Спецпроект фотохостингов редакции фотоинформации ТАС. 	Адрес рассылки будет размещаться на ресурсах фотофостингов, как адрес для контакта с организаторами. См., например, transweek.tassphoto.com, fashion.tassphoto.com…";ЛОЖЬ
189;160;Служба экономической информации;group-business@tass.ru;10;2948;3545;ЛОЖЬ;;31216 (смена владельца). Рассылка службы экономической информации;ЛОЖЬ
190;160;Рассылка предварительного списка тем для сводки Службы новостей;sntemi@tass.ru;10;2948;2432;ЛОЖЬ;;4658. Рассылка предварительного списка тем для сводки Службы новостей;ЛОЖЬ
191;160;Сводка оперативности и цитируемости ТАСС (Макаров А.Ю.);glavsvodka@tass.ru;10;2948;2794;ЛОЖЬ;;4658, 74041, 74931;ЛОЖЬ
192;143;dmz-chrdk-web01.dmz.tass.ru;Чердак-Сайт;;2948;4774;ЛОЖЬ;;;ИСТИНА
193;143;dmz-chrdk-db01.dmz.tass.ru;Чердак-Percona;;2948;4774;ЛОЖЬ;;;ИСТИНА
195;107;Клиенты (внешние пользователи);;;;1365;ЛОЖЬ;;;ЛОЖЬ
196;107;Внутренние пользователи;;;;1365;ЛОЖЬ;;;ЛОЖЬ
197;116;Клиенты (внешние пользователи);Клиенты;;;2581;ЛОЖЬ;;;ЛОЖЬ
198;160;Отдел информации СПб РИЦ;vypusk_spb@tass.ru;10;2948;2896;ЛОЖЬ;;70789 spb@tass.ru;ЛОЖЬ
199;159;portal@tass.ru;portal@tass.ru;10;893;17449;ЛОЖЬ;;Унаследовано. Группа MB_portal., 51005;ЛОЖЬ
200;20;VPN_NewRS;VPN_NewRS;10;893;66;ЛОЖЬ;;Заявка 31264, 33516. Для тестирования новой редсистемы + ИКК: front-prod.dev5.tass.ru, dev1.tass.ru, ИКК - review.corp.tass.ru (для совместимости, 172.28.40.185);ИСТИНА
202;115;Внутренние пользователи;Внутренние;;;1653;ЛОЖЬ;;;ЛОЖЬ
203;119;База SED_Do (Согласование договоров);SED_Do;;2411;3899;ЛОЖЬ;;8.3;ЛОЖЬ
205;159;conference_room@tass.ru;conference_room@tass.ru;10;2948;5;ЛОЖЬ;;;ЛОЖЬ
206;15;IRONPORT (SМTP-фильтр);IRONPORT;;893;2948;ЛОЖЬ;;;ЛОЖЬ
207;9;Мобильные;;;3844;2667;ЛОЖЬ;;Договор №17/280-21/13 от 24.12.2013;ЛОЖЬ
208;9;АТС-1;;;3844;2667;ЛОЖЬ;;;ЛОЖЬ
210;5;RАdmin-GLV;Radmin;10;2370;4270;ЛОЖЬ;;Просмотр экранов операторов, вводящих новости с голоса;ЛОЖЬ
211;5;AD CORP - Контакт;AD-Контакт;10;2948;2948;ЛОЖЬ;;;ЛОЖЬ
213;5;Права на создание папок Exchange, PrintServer, AD и локальные администраторы etc (для хелпдеск);SD_Tier2;10;2948;2370;ЛОЖЬ;;Сотрудники ServiceDesk с правами на создание Exchange, PrintServer, частично AD, DirectAccess, VPN и локальные администраторы;ЛОЖЬ
214;5;Доступ к VM (для хелпдеск и прикладных администраторов);SD_VM_ADMIN;10;2948;2370;ЛОЖЬ;;Для управления VM деж.сменой и 2 линией;ЛОЖЬ
215;139;Администратор Zabbix;;10;;3844;ЛОЖЬ;;Внутренние администраторы;ЛОЖЬ
216;139;Администратор сервиса в Zabbix;;10;;3844;ЛОЖЬ;;Администраторы прикладных систем;ЛОЖЬ
217;139;Оператор Zabbix;;10;;3844;ЛОЖЬ;;Операторы (просмотр отчетов, панелей);ЛОЖЬ
218;159;plan@tass.ru (группа анонсов и планирования);plan@tass.ru;10;2948;2941;ИСТИНА;;"п/я Группы анансов и планирования. Заявка 9215. Описание: Чем вызвана необходимость создания общего почтового ящика (какова задача)? НЕОБХОДИМОСТЬ ОБЪЕДИНЕНИЯ ПОТОКА ВХОДЯЩИХ СООБЩЕНИЙ ДЛЯ ГРУПП АНОНСОВ И ПЛАНИРОВАНИЯПредпочитаемый e-mail (пример,
mail@tass.ru).   Объедкова - с 30.09.15 
PLAN@TASS.RUПредпочитаемое описание общего почтового ящика на русском языке (отображается в адресной книги и в почте получателя) ПланированиеНеобходимость отображения в адресной книги. НЕТНеобходимость принимать почту из вне (сети Интернет). ДАСписок лиц, имеющих доступ к почтовому ящику. ОЛЬГА МОЛЯРЕНКО, АРТЕМ ПЛАТОВ, АНДРЕЙ ПОЛЯКОВНеобходимость отправлять письма от имени общего почтового ящика (ДА/НЕТ). НЕТКто имеет право отправлять от имени общего почтового ящика. ---Владелец общего почтового ящика. ПЛАТОВ АРТЕМ АЛЕКСАНДРОВИЧ";ЛОЖЬ
219;159;Главный выпуск;glav@tass.ru;10;2948;936;ЛОЖЬ;;Владелец по заявке 8969;ЛОЖЬ
220;5;Локальный администратор АРМ (для пользователя);LocalAdmin;10;2948;3844;ЛОЖЬ;;Для обеспечения работы экзотического ПО;ЛОЖЬ
221;102;Администратор;;;;4643;ЛОЖЬ;;;ЛОЖЬ
222;102;Внутренний пользователь;;;;4643;ЛОЖЬ;;;ЛОЖЬ
223;102;Внешний пользователь;;;;4643;ЛОЖЬ;;;ЛОЖЬ
224;159;vizitka@tass.ru;vizitka@tass.ru;10;2948;3091;ЛОЖЬ;;заявке 9807. функция изготовления визиток для сотрудников ТАСС.;ЛОЖЬ
226;12;S:\ПУ\ПД-ФД;;10;2948;870;ЛОЖЬ;;;ЛОЖЬ
227;12;S:\ПУ\ПД-КД;;10;2948;870;ЛОЖЬ;;;ЛОЖЬ
228;159;bill_td@tass.ru;bill_td@tass.ru;10;2948;1425;ЛОЖЬ;;Заявка 10424;ЛОЖЬ
229;104;Доступ к планеркам;Планерки;230;1365;10890;ЛОЖЬ;;+дополнительно IP-фильтры на wowza (Овчинников);ЛОЖЬ
230;104;Портал my.tass.ru;MY.TASS;;2411;1167;ИСТИНА;;;ЛОЖЬ
231;131;Группа: УД: Инженерная;УД:Инженерная служба;;3844;2011;ЛОЖЬ;;Аудит 04.05.16 - ОК.;ЛОЖЬ
232;159;Календарь дат и событий ТАСС;kds@tass.ru;10;2948;176;ЛОЖЬ;;Арзуманов И. - с 30.09.15.   Из Лотуса + Заявка 10827. Этот ящик был создан для обратной связи с подписчиками «Календаря дат и событий» и указывается в каждом выпуске справочника.;ЛОЖЬ
233;146;ЭП для отправки телеграмм (Центральный Телеграф);ЦТ;;3844;4206;ЛОЖЬ;;;ЛОЖЬ
236;146;ПЕРЕНЕСЕНО - См. 2.46 СКЗИ Системы закупок;См.2.46;;4332;4332;ЛОЖЬ;;;ЛОЖЬ
237;159;intern@tass.ru (Стажировка);intern@tass.ru;10;2948;4232;ЛОЖЬ;;"Заявка 10792. В мае стартует программа по массовому привлечению студентов и выпускников на ежегодные стажировки. Нам необходим почтовый ящик чтобы кандидаты могли присылать
нам свои анкеты и резюме. Почта hr@itar-tass.com
не подходит под реализацию этой задачи так как туда сыпется много не профильных резюме и спама, для нас практически не возможно идентифицировать из большого потока резюме именно
стажеров. Так же по новому ящику можно будет провести аналитику об успешности привлечения кандидатов.";ЛОЖЬ
238;12;S:\ДПП\УРИ;;10;2948;10688;ЛОЖЬ;;11002;ЛОЖЬ
239;160;Рассылка кадры УВЛ;hr_dismissal@tass.ru;10;2948;10798;ЛОЖЬ;;Заявка 11005. 35962        Рассылка об увольнениях;ЛОЖЬ
240;159;samr@tass.ru (Редакция Америки);samr@tass.ru;10;2948;405;ЛОЖЬ;;Заявка 11190. Единый электронный адрес редакции Америка;ЛОЖЬ
241;160;Редакция - Руководство;editorial_management@tass.ru;10;2948;4270;ЛОЖЬ;;Заявка 11194. Единый адрес руководителей редакций;ЛОЖЬ
242;160;Редакция – Общий;editorial_all@tass.ru;10;2948;3306;ЛОЖЬ;;78047;ЛОЖЬ
243;160;Редакция - Выпускающие;editorial_editors@tass.ru;10;2948;4270;ЛОЖЬ;;Заявка 11194. Единый адрес редакций: все корреспонденты и редакторы, редакционные руководители, заместители главного редактора;ЛОЖЬ
244;159;reception-press@tass.ru (Заявки НА пресс-конференции);reception-press@tass.ru;10;2948;5;ЛОЖЬ;;Заявка 11203. На этот почтовый адрес будут приходить списки аккредитованных журналистов и гостей. В связи с большим потоком входящих писем, много времени уходит на поиск конкретной заявки от Пресс-центра. Необходимо четкое разделение заявок от Тассовцев и сотрудников Пресс-центра.;ЛОЖЬ
245;159;ums@tass.ru (TASS International Department);ums@tass.ru;10;2948;2593;ЛОЖЬ;;Заявка 11327. Общий адрес электронной почты для Управления международных связей.;ЛОЖЬ
246;109;Сотрудники (внутренние пользователи);Сотрудники;;;1365;ЛОЖЬ;;Одна роль. Видят все без цен.;ЛОЖЬ
247;116;Сотрудники (внутренние пользователи);Сотрудники;;;2581;ЛОЖЬ;;;ЛОЖЬ
248;100;Сотрудники (внутренние пользователи);Сотрудники;;;1653;ЛОЖЬ;;;ЛОЖЬ
249;159;фотослужба Редакции мультимедийных проектов;photointernet@tass.ru;10;2948;2423;ЛОЖЬ;;изменение названия 35765, 54987;ЛОЖЬ
250;18;Портал системы автоматизации пресс-центра - пользователи;Press-Centre_Users;10;1365;4774;ЛОЖЬ;;Владелец и Администратор - временно (на тестовую эксплуатацию);ЛОЖЬ
251;18;Портал системы автоматизации пресс-центра - администраторы;Press-Centre_Admins;10;1365;4774;ЛОЖЬ;;Владелец и Администратор - временно (на тестовую эксплуатацию);ЛОЖЬ
252;18;Портал системы автоматизации пресс-центра - пользователи МСК;Press-Centre_MSK_Users;10;1365;4774;ЛОЖЬ;;Владелец и Администратор - временно (на тестовую эксплуатацию);ЛОЖЬ
253;18;Портал системы автоматизации пресс-центра - администраторы МСК;Press-Centre_MSK_Users;10;1365;4774;ЛОЖЬ;;Владелец и Администратор - временно (на тестовую эксплуатацию);ЛОЖЬ
254;119;База BUH_T2 (тестовая);BUH_T2;;10693;3899;ЛОЖЬ;;8.3;ИСТИНА
255;97;Мониторинг;;;;;ЛОЖЬ;;;ЛОЖЬ
256;97;Foreign News;;28;1365;4270;ЛОЖЬ;;;ЛОЖЬ
257;18;Портал системы автоматизации пресс-центра - администраторы доступа;;10;2947;1365;ЛОЖЬ;;Кто может изменять группы доступа (группа AD_Press-Center_Groups_Edit);ИСТИНА
258;159;tasscng@tass.ru  (СНГ и Балтия);tasscng@tass.ru;10;2948;1042;ЛОЖЬ;;Заявка 12374. Общий п/я Группы СНГ Редакция международной информации \ Отдел стран Америки, Европы и СНГ;ЛОЖЬ
260;5;Local User (локальная учетная запись на АРМ);Local;10;2370;3844;ЛОЖЬ;;локальные учетные записи на АРМ для специфических нужд. Указывать с именем АРМ.;ЛОЖЬ
261;97;TASS Audio;;28;1365;2581;ЛОЖЬ;;;ЛОЖЬ
262;160;Выпуск и Мониторинг;newsroom@tass.ru;10;2948;2283;ЛОЖЬ;;Заявка 12611. для списка «сотрудники Редакции выпуска + Отдела оперативной информации Редакции анонсов, планирования и справочной информации (мониторинг)»;ЛОЖЬ
263;160;ИНО-ТАСС;inotass@tass.ru;10;2948;2283;ЛОЖЬ;;Заявка 12611. для списка «сотрудники Редакции международной информации»;ЛОЖЬ
264;160;Корсеть за рубежом;inokorset@tass.ru;10;2948;2283;ЛОЖЬ;;Заявка 12611. для списка «корреспонденты, редакторы и руководители представительств ТАСС за рубежом»;ЛОЖЬ
265;160;Корсеть в регионах РФ;roskorset@tass.ru;10;2948;16396;ЛОЖЬ;;Заявка 12611, 31216 (смена владельца). для списка «корреспонденты, редакторы и руководители представительств ТАСС в РФ»;ЛОЖЬ
267;159;pln_test@tass.ru;pln_test@tass.ru;10;2948;10794;ЛОЖЬ;;Заявка 12602. Тестирование Системы Планирования;ЛОЖЬ
269;15;Mailbox Access;!MB-Access;10;2948;3844;ЛОЖЬ;;;ЛОЖЬ
270;159;planning@tass.ru;planning@tass.ru;10;2948;179;ЛОЖЬ;;Заявка 12602. Тестирование Системы Планирования;ЛОЖЬ
271;5;RDP к различным ресурсам;RDP;10;2948;2948;ЛОЖЬ;;;ЛОЖЬ
272;12;Сервис WebDAV (для доступа извне);WebDAV;10;2948;10890;ЛОЖЬ;;40493;ЛОЖЬ
273;6;Запись телефонных разговоров:Пользователи;MediaSense:Пользователи;10;2948;10890;ЛОЖЬ;;;ЛОЖЬ
274;12;S:\Oбщая\Газеты;;10;2948;4442;ЛОЖЬ;;12799. Предоставления всей редакции оперативного доступа к печатным версиям газет (PDF);ЛОЖЬ
275;160;Футболисты ТАСС;fb@tass.ru;10;2948;893;ЛОЖЬ;;Без заявки. Рассылка про футбол. Подписка на самообслуживании.;ЛОЖЬ
276;12;S:\Проекты\Реконструкция;;10;2948;10890;ЛОЖЬ;;Взаимодействие по вопросу реконструкции здания ТАСС, в т.ч. С подрядчиком. Расп. Иванова от 03.06.15;ЛОЖЬ
280;131;Операторы СКУД;;;3844;3844;ЛОЖЬ;;;ЛОЖЬ
281;136;Domain Admins;AD-Admin;10;893;10890;ЛОЖЬ;;Администраторы домена (разные);ЛОЖЬ
283;159;Группа обработки звонков;call-center@tass.ru;10;2948;595;ЛОЖЬ;;найти заявку, была;ЛОЖЬ
284;159;Заказ служебного автомобиля;avto@tass.ru;10;2948;595;ЛОЖЬ;;45889;ЛОЖЬ
285;159;spb_reception@tass.ru;spb_reception@tass.ru;10;2948;764;ЛОЖЬ;;;ЛОЖЬ
286;97;АРХИВ;;28;1365;4270;ЛОЖЬ;;;ЛОЖЬ
287;159;reception@tass.ru;reception@tass.ru;10;2948;5;ЛОЖЬ;;;ЛОЖЬ
288;127;Администраторы (AD);Wiki-Admins;10;272;2732;ЛОЖЬ;;;ЛОЖЬ
289;127;Редакторы (AD);Wiki-Editors;10;272;2732;ЛОЖЬ;;;ЛОЖЬ
290;127;Читатели (Local);;10;272;2732;ЛОЖЬ;;Все пользователи TASS-Users кроме ветки EXT;ЛОЖЬ
291;155;КБ Сбербанка;;;;3899;ЛОЖЬ;;;ЛОЖЬ
292;153;Клиент СУФД;;;;3899;ЛОЖЬ;;;ЛОЖЬ
293;154;КБР МЦИ;;;;3899;ЛОЖЬ;;;ЛОЖЬ
294;160;ЧМ2018 - Рабочая группа портала;chm2018@tass.ru;10;2948;2798;ЛОЖЬ;;Заявка 13481. Заменить владельца на Голикову или Назарова (см. заявку!);ЛОЖЬ
295;5;Права на принтсерверы + локальные администраторы;SD_Tier1;10;2948;2370;ЛОЖЬ;;;ЛОЖЬ
296;136;TASS Support Lite : размещение;AD_Users_Addr_Editor;10;893;1413;ЛОЖЬ;;Заявка 13672. Редактирование информации в AD о размещении работников (для УД);ЛОЖЬ
297;6;Запись телефонных разговоров:Администраторы;MediaSense:Админы;10;2948;10890;ЛОЖЬ;;Группа AD_Записи_Groups_Edit;ЛОЖЬ
298;159;sekr_gusman@tass.ru;sekr_gusman@tass.ru;;;287;ЛОЖЬ;;;ЛОЖЬ
299;159;sekrdir@tass.ru;sekrdir@tass.ru;;;4206;ЛОЖЬ;;;ЛОЖЬ
300;159;servicedesk_copy@tass.ru;servicedesk_copy@tass.ru;;604;604;ЛОЖЬ;;;ЛОЖЬ
301;159;sms@tass.ru;sms@tass.ru;;;2732;ЛОЖЬ;;;ЛОЖЬ
304;159;spb_editors@tass.ru (Отдел интернет-технологий СПБ РИЦ);spb_editors@tass.ru;;;1360;ЛОЖЬ;;;ЛОЖЬ
305;159;spb_kontent@tass.ru (Отдел мониторинга СПБ РИЦ);spb_kontent@tass.ru;;;764;ЛОЖЬ;;;ЛОЖЬ
306;159;tassinternet@tass.ru;tassinternet@tass.ru;;;2414;ЛОЖЬ;;;ЛОЖЬ
307;159;tass-ukraina@tass.ru (Общий ящик ТАСС-Украина);tass_ukraina@tass.ru;;;1979;ЛОЖЬ;;обновлён по 22796;ЛОЖЬ
308;159;ud@tass.ru;ud@tass.ru;;;5;ЛОЖЬ;;Найти заявку! Была!;ЛОЖЬ
309;159;ural@tass.ru (РИЦ Урал);ural@tass.ru;;;4744;ЛОЖЬ;;Не используется;ЛОЖЬ
310;159;valyta_7@tass.ru (Отдел валютного учета);valyta_7@tass.ru;;;402;ЛОЖЬ;;Заявка??;ЛОЖЬ
311;159;worldmarket@tass.ru;worldmarket@tass.ru;;;4354;ЛОЖЬ;;30633;ЛОЖЬ
312;159;Подписка_на_издания_РКП;???????;;;;ЛОЖЬ;;;ЛОЖЬ
313;159;Секретариат_ТД;td@tass.ru;;;366;ЛОЖЬ;;;ЛОЖЬ
314;159;5cont@tass.ru (Служба зарубежной информации/Отдел информационно-а);5cont@tass.ru;;;1774;ЛОЖЬ;;;ЛОЖЬ
315;159;arabic@tass.ru (Арабский отдел);arabic@tass.ru;;;;ЛОЖЬ;;Нет ни единого живого пользователя. Удалять?;ЛОЖЬ
316;159;audio@tass.ru;audio@tass.ru;;;2581;ЛОЖЬ;;найти заявку, была;ЛОЖЬ
318;159;com@tass.ru;com@tass.ru;;;2070;ЛОЖЬ;;;ЛОЖЬ
319;159;ekb_press@tass.ru;ekb_press@tass.ru;;;16274;ЛОЖЬ;;Заявка 7145 - Яицкая Т.  Зызо Л. - по 22536;ЛОЖЬ
320;159;espan@tass.ru;espan@tass.ru;;;;ЛОЖЬ;;Ящик заблокирован, удалить при аудите.;ЛОЖЬ
321;159;eured@tass.ru;eured@tass.ru;;;3961;ЛОЖЬ;;;ЛОЖЬ
322;159;expediziya@tass.ru;expediziya@tass.ru;;;1413;ЛОЖЬ;;Найти заявку, была;ЛОЖЬ
323;159;francered@tass.ru;francered@tass.ru;;;;ЛОЖЬ;;;ЛОЖЬ
324;159;glavoperator@tass.ru;glavoperator@tass.ru;;;1914;ЛОЖЬ;;;ЛОЖЬ
325;159;glavsekr@tass.ru;glavsekr@tass.ru;;;1914;ЛОЖЬ;;;ЛОЖЬ
326;159;glv_anons@tass.ru;glv_anons@tass.ru;;;3219;ЛОЖЬ;;Заявка? Как соотносится с просто anons?;ЛОЖЬ
327;159;gusman_m@tass.ru (для работы секретарей Гусмана);gusman_m@tass.ru;;;287;ЛОЖЬ;;Уточнить, как ссотносится с обычным адресом. И кто владелец.;ЛОЖЬ
328;159;hrsupport@tass.ru (Служба поддержки кадрового департамента);hrsupport@tass.ru;;;3769;ЛОЖЬ;;откуда взялся???;ЛОЖЬ
329;159;itartass_spb@tass.ru (Пресс-центр СПБ РИЦ);itartass_spb@tass.ru;;;764;ЛОЖЬ;;;ЛОЖЬ
330;159;konkurs@tass.ru;konkurs@tass.ru;;;2904;ЛОЖЬ;;;ЛОЖЬ
331;159;kremlin@tass.ru;kremlin@tass.ru;;;3107;ЛОЖЬ;;;ЛОЖЬ
332;159;marketing@tass.ru;marketing@tass.ru;;;4361;ЛОЖЬ;;;ЛОЖЬ
333;159;OIS_test@tass.ru;OIS_test@tass.ru;;2948;2948;ЛОЖЬ;;;ЛОЖЬ
334;159;Отдел дежурных выпускающих;pool@tass.ru;;;2840;ЛОЖЬ;;;ЛОЖЬ
335;159;portal_SendAs@tass.ru;portal_SendAs@tass.ru;;;;ЛОЖЬ;;;ЛОЖЬ
336;159;pr@tass.ru;pr@tass.ru;;;2904;ЛОЖЬ;;51005;ЛОЖЬ
337;159;prnw@tass.ru;prnw@tass.ru;;;3271;ЛОЖЬ;;58324;ЛОЖЬ
338;159;reference@tass.ru;reference@tass.ru;;;2732;ЛОЖЬ;;Изм. 30.09.15;ЛОЖЬ
339;159;rusmarket@tass.ru;rusmarket@tass.ru;;;4354;ЛОЖЬ;;30633;ЛОЖЬ
340;97;Из Корсети;;28;1365;4270;ЛОЖЬ;;Собирательная база. В нее дублируются сообщения корреспондентов из всех остальных.;ЛОЖЬ
341;158;Доступ в серверные;Серверные;;10795;10890;ЛОЖЬ;;Для соответствия ст.212 ТК РФ, п.1.4.4. Правил технической эксплуатации электроустановок потребителей (ПТЭЭП) - письмо Ю.Погорелой от 01.07.2015;ИСТИНА
342;122;Толстый клиент ИМ;;;;1211;ЛОЖЬ;;;ЛОЖЬ
343;147;Извне SSH;in-SSH;;2948;3844;ЛОЖЬ;;;ЛОЖЬ
344;159;abuse@itass.su (остатки домена itass.su);abuse@itass.su;10;2948;2948;ЛОЖЬ;;Заявка 13973. + ящики ald@itass.su,blinova@itass.su,corp@itass.su,cyber-tass-online@itass.su,davydov@itass.su,info@itass.su,kasimov@itass.su,mail@itass.su,postmaster@itass.su,travkin@itass.su;ЛОЖЬ
345;97;Международная картотека;;28;1365;4270;ЛОЖЬ;;LN14/LN15;ЛОЖЬ
346;97;Картотека субъектов РФ;;28;1365;4270;ЛОЖЬ;;LN14/LN15;ЛОЖЬ
347;97;Картотека ИНО;;28;1365;4270;ЛОЖЬ;;LN14/LN15;ЛОЖЬ
348;97;БИО;;28;1365;4268;ЛОЖЬ;;LN14/LN15;ЛОЖЬ
349;97;Картотека РОССИЯ;;28;1365;4270;ЛОЖЬ;;LN14/LN15;ЛОЖЬ
350;97;Хронология;;28;1365;4270;ЛОЖЬ;;LN14/LN15;ЛОЖЬ
353;143;msk-wiki-test02.tass.ru;WIKI-тестовый;;1365;4774;ЛОЖЬ;;;ИСТИНА
354;159;plagiatsmp@tass.ru;plagiatsmp@tass.ru;;;17500;ЛОЖЬ;;14194, 59299;ЛОЖЬ
355;111;Сотрудники ТАСС;;;1809;3695;ЛОЖЬ;;;ЛОЖЬ
356;111;Контент-менеджер;;;1809;3695;ЛОЖЬ;;;ЛОЖЬ
357;111;Администратор;;;1809;3695;ЛОЖЬ;;;ЛОЖЬ
358;111;Клиенты;;;1809;3695;ЛОЖЬ;;;ЛОЖЬ
359;160;Отдел Информационной Безопасности;oib@tass.ru;10;2948;3844;ЛОЖЬ;;;ЛОЖЬ
360;12;S:\ДИТ\ОИБ;;10;2948;3844;ЛОЖЬ;;;ЛОЖЬ
362;159;smos_protocol@tass.ru;smos_protocol@tass.ru;;;1810;ЛОЖЬ;;"Заявка 14423. Назначение: 1.	Необходимость общего почтового ящика-общение с зарубежными клиентами ТАСС";ЛОЖЬ
363;127;Системные учетки (Local);~System~;;272;272;ЛОЖЬ;;;ЛОЖЬ
364;136;TASS Support Lite : телефонный справочник;AD_Info_editor;10;893;2948;ЛОЖЬ;;Редактирование информации о телефонных номерах. Доп. Заявка 22912;ЛОЖЬ
368;160;Рассылка corp@tass.ru;corp@tass.ru;;;;ЛОЖЬ;;;ЛОЖЬ
369;160;Фотобанк ПМЭФ;forumspb@tass.ru;;;4643;ЛОЖЬ;;;ЛОЖЬ
372;160;Рассылка ageshina@tassphoto.com;ageshina@tassphoto.com;;;93;ЛОЖЬ;;;ЛОЖЬ
373;160;Выпускающие мониторинга (Лукин М.А.);list_monitoring01@tass.ru;;;2386;ЛОЖЬ;;Удалён по заявке 24869 (Парыгин);ЛОЖЬ
374;160;Отдел мониторинга (Лукин М.А.);list_monitoring02@tass.ru;;;2386;ЛОЖЬ;;;ЛОЖЬ
375;160;Секретариат Паршина К.Е. (ОТКЛЮЧЕНО);sekr_parshin@tass.ru;;;16310;ЛОЖЬ;;34812, 52983;ЛОЖЬ
376;160;Сервис рассылки фотоинформации;sender@tass.ru;;;4643;ЛОЖЬ;;;ЛОЖЬ
378;160;Администраторы 1С;1c-admins@tass.ru;;;893;ЛОЖЬ;;!! Менять владельца;ЛОЖЬ
379;160;Управление аккаунтом Microsoft;ms@tass.ru;;;893;ЛОЖЬ;;;ЛОЖЬ
381;160;Рассылка анализа показателей работы ТАСС за месяц;analiztass@tass.ru;;;2794;ЛОЖЬ;;74041, 74931;ЛОЖЬ
382;160;Рассылка ежедневной сводки для Службы экономической информации;businessvodka@tass.ru;;;3535;ЛОЖЬ;;74041;ЛОЖЬ
383;160;Рассылка сводок цитирования в центральных и региональных СМИ;citsmi@tass.ru;;;2794;ЛОЖЬ;;74931;ЛОЖЬ
384;160;Рассылка ежедневной сводки цитирования в иностранных агентствах;inocit@tass.ru;;;2794;ЛОЖЬ;;74041, 74931;ЛОЖЬ
388;160;УФА-2015;Ufa2015@tass.ru;;;562;ЛОЖЬ;;Удалена по 37903;ЛОЖЬ
392;160;Отдел Инфраструктурных Систем;ois@tass.ru;;;;ЛОЖЬ;;;ЛОЖЬ
395;160;Управление аккаунтом JWplayer;jw@tass.ru;;;2414;ЛОЖЬ;;;ЛОЖЬ
396;160;Корреспондентская сеть редакции фотоинформации ТАСС(Борзова С.И);korr@tass.ru;;;2127;ЛОЖЬ;;79218;ЛОЖЬ
399;160;Управление аккаунтом Wowza;wowza@tass.ru;;;10678;ЛОЖЬ;;;ЛОЖЬ
403;160;AirWatch;airwatch@tass.ru;;;893;ЛОЖЬ;;;ЛОЖЬ
404;159;china_beijing@itar-tass.com (Представительство ТАСС в Пекине);china_beijing@itar-tass.com;;;1785;ЛОЖЬ;;Заявка 14505. Представительство ТАСС в Пекине.;ЛОЖЬ
405;12;S:\ДПП\УСА;;;2948;2300;ЛОЖЬ;;14520. Управление системного анализа и стратегических инициатив;ЛОЖЬ
406;12;S:\РАПСИ\Архив Справочного Отдела;;10;2948;4204;ЛОЖЬ;;"14585. Для нас книжная палата сканирует большие объемы информации: подшивки старых газет (Известия и т.д.), сборники законодательства (из тех, что у нас нет на бумаге в библиотеке), издания ЦИК и прочую справочную информацию, нужную нам в работе. Сейчас все это лежит у меня на компьютере, я делюсь с сотрудниками. Хотелось бы упростить процесс, сделав открытую папку.
- Список сотрудников: все, кто работает в Справочном отделе ТАСС и группе ""Календарь дат и событий"".";ЛОЖЬ
407;143;tooth5;;;10728;1365;ЛОЖЬ;;Заявка 14623;ИСТИНА
408;143;tooth6;;;10728;1365;ЛОЖЬ;;Заявка 14623;ИСТИНА
409;159;styleguide@tass.ru (TASS StyleGuide 2.0);styleguide@tass.ru;;2948;2283;ЛОЖЬ;;Заявка 14840. Для получения и отправки писем, связанных с работой над новым Стайлгайдом ТАСС.;ЛОЖЬ
410;149;Портал пресс-центра: пользователи MSK;Press-Center_MSK_Users;;;4748;ЛОЖЬ;;;ЛОЖЬ
411;149;Портал пресс-центра: пользователи EKTB;Press-Center_EKTB_Users;;;4748;ЛОЖЬ;;;ЛОЖЬ
412;149;Портал пресс-центра: пользователи NVSB;Press-Center_NVSB_Users;;;4748;ЛОЖЬ;;;ЛОЖЬ
413;149;Портал пресс-центра: пользователи SPB;Press-Center_SPB_Users;;;4748;ЛОЖЬ;;press-centr.tass.ru;ЛОЖЬ
414;149;Портал пресс-центра: пользователи все;Press-Center_Users;;;4748;ЛОЖЬ;;;ЛОЖЬ
419;149;Портал пресс-центра: администраторы MSK;Press-Center_MSK_Admins;;;4748;ЛОЖЬ;;;ЛОЖЬ
420;149;Портал пресс-центра: администраторы EKTB;Press-Center_EKTB_Admins;;;4748;ЛОЖЬ;;;ЛОЖЬ
421;149;Портал пресс-центра: администраторы NVSB;Press-Center_NVSB_Admins;;;4748;ЛОЖЬ;;;ЛОЖЬ
422;149;Портал пресс-центра: администраторы SPB;Press-Center_SPB_Admins;;;4748;ЛОЖЬ;;;ЛОЖЬ
423;149;Портал пресс-центра: администраторы глобальные;Press-Center_Admins;;;4748;ЛОЖЬ;;press-centr.tass.ru;ЛОЖЬ
424;12;S:\РУКСОВЕТ;;10;2948;67;ЛОЖЬ;;14875;ЛОЖЬ
425;149;Портал пресс-центра: управление полномочиями (группами);AD_Press-Center_Groups_Edit;;;4748;ЛОЖЬ;;;ЛОЖЬ
426;159;etokavkaz@tass.ru (ЭтоКавказ);etokavkaz@tass.ru;10;2948;10999;ЛОЖЬ;;Заявка 14918, 16166 (смена владельца);ЛОЖЬ
430;136;Служебные учетки прикладных систем;AD-System;10;2948;3844;ЛОЖЬ;;Служебные учетный записи различных прикладеных систем;ЛОЖЬ
431;160;Прием сотрудника;priem@tass.ru;;;16951;ЛОЖЬ;;Заявка 15518, 36689, 39809;ЛОЖЬ
433;160;МАКС-2015;maks2015@tass.ru;;;3378;ЛОЖЬ;;"Заявка 15967;  Удалена по 37903";ЛОЖЬ
434;159;Digit_press@tass.ru;Digit_press@tass.ru;;;663;ЛОЖЬ;;;ЛОЖЬ
435;115;Отчеты;;;;1653;ЛОЖЬ;;Заявка №16086 - права на каталог \\ps.corp.tass.ru\Reports\Import;ЛОЖЬ
437;97;tass1@tass.ru;tass1;28;1365;4270;ЛОЖЬ;;Новости на е-почту tass1;ЛОЖЬ
438;97;tass2@tass.ru;tass2;28;1365;4270;ЛОЖЬ;;Новости на е-почту tass2;ЛОЖЬ
439;97;tass3@tass.ru;tass3;28;1365;4270;ЛОЖЬ;;Новости на е-почту tass3;ЛОЖЬ
440;147;Извне FTP;in-FTP;;;3844;ЛОЖЬ;;;ЛОЖЬ
441;159;Кадровый и учебный департамент;hr@tass.ru;;2948;17298;ЛОЖЬ;;Заявка 16387. Для получения резюме кандидатов;ЛОЖЬ
442;12;S:\Общая\Фотографии со 111-летия ТАСС;;10;2948;3883;ЛОЖЬ;18.09.2015;16468. Удалено по заявке 17094;ИСТИНА
443;160;RAE-2015;RAE-2015;10;2948;3378;ЛОЖЬ;13.09.2015;"Заявка 16464. Выставка RAE-2015 в Нижнем Тагиле;    Удалена по 37903";ЛОЖЬ
444;12;S:\СМИП\Общая;;10;2948;;ЛОЖЬ;;;ЛОЖЬ
445;131;Группа: ТД: Отдел фототехнологий;ТД:ФТ;;3844;10890;ЛОЖЬ;;;ЛОЖЬ
446;12;S:\Distr;;10;2948;4618;ЛОЖЬ;;16676. Зам - Мыльцев;ЛОЖЬ
447;12;S:\ФД\Казначейство;;10;2948;11031;ЛОЖЬ;;16673;ЛОЖЬ
448;131;Группа: УД: Охрана;УД:Охрана;;3844;16307;ЛОЖЬ;;Всегда везде, без турникетов;ЛОЖЬ
449;160;Отдел оперативной информации;list_opermon@tass.ru;;;3056;ЛОЖЬ;;Заявка 17051;ЛОЖЬ
450;160;Группа эфирного мониторинга;list_telemon@tass.ru;;;3056;ЛОЖЬ;;Заявка 17051;ЛОЖЬ
451;159;balans1@tass.ru;balans1@tass.ru;;;4404;ЛОЖЬ;;;ЛОЖЬ
452;160;Сочи2015;sochi2015@tass.ru;;;562;ЛОЖЬ;;"17200, 17201; Удалена по 37903";ЛОЖЬ
453;160;Группа специальных проектов;specproject@tass.ru;10;2948;1360;ЛОЖЬ;;13013, 17070. В интернет-редакции создано новое подразделение, которое занимается публикацией на сайте tass.ru коммерческих текстов, анонсов пресс-конференций, созданием коммерческих галерей и тд. Группа состоит из нескольких человек, и они получают от Агентства материал для обработки на личные-корпоративные почтовые ящики. Нам необходимо направить весь этот поток писем в одну точку.;ЛОЖЬ
454;146;Контур Экстерн (отчетность);Контур;;3844;2883;ЛОЖЬ;;Система для предоставления отчетности (веб-интерфейс + КриптоПРО 3.9). Ключ - одни на всех, до 07.11.2016;ЛОЖЬ
456;159;uc@tass.ru;uc@tass.ru;;;1912;ЛОЖЬ;;Заявка 17819;ЛОЖЬ
457;160;Редакция кремлевско-правительственной информации;president@tass.ru;;893;3107;ЛОЖЬ;;Заявка 17832;ЛОЖЬ
458;160;Новостной отдел СПб;news_spb@tass.ru;;;2896;ЛОЖЬ;;Заявка 17972;ЛОЖЬ
459;159;ТАСС Сейчас;tassnow@tass.ru;;;10688;ЛОЖЬ;;заявка  18079;ЛОЖЬ
461;160;Урбанистический форум;urbanforum@tass.ru;;;4359;ЛОЖЬ;;;ЛОЖЬ
463;131;Доступ: АСОС (+Смена);АСОС;;3844;10890;ЛОЖЬ;;;ЛОЖЬ
464;147;Доступ в Интет (из серверного сегмента);out-SRV;;;3844;ЛОЖЬ;;;ЛОЖЬ
465;12;S:\ДПП\УПМ\Документы;;10;2948;1728;ЛОЖЬ;;18290. Общие докуметы УПМ;ЛОЖЬ
468;160;Группа получателей статистики терминала;newsdemand@tass.ru;;;463;ЛОЖЬ;;;ЛОЖЬ
470;159;podpiska_rkp@tass.ru;podpiska_rkp@tass.ru;;;3087;ЛОЖЬ;;;ЛОЖЬ
471;159;Приемная Главного редактора;Editor_pa@tass.ru;;;4270;ЛОЖЬ;;Заявка 18596;ЛОЖЬ
472;160;Оперативный выпуск фотохроники;picturedesk@tass.ru;;;4643;ЛОЖЬ;;Заявка 3614   Почта LN;ЛОЖЬ
473;159;Отдел кадров РКП;cadry@bookchamber.ru;;;4259;ЛОЖЬ;;Заявка 18891;ЛОЖЬ
474;159;Закупки РКП;zakupki@bookchamber.ru;;;10730;ЛОЖЬ;;Заявка 18891;ЛОЖЬ
475;5;DameWare - групповой доступ;DW_RemoteSupport_Users;10;2778;2370;ЛОЖЬ;;;ЛОЖЬ
476;160;Группа по работе с социальными сетями tass.ru;smm_site@tass.ru;;;15773;ЛОЖЬ;;29041, 51973, 56904, 61294, 78323;ЛОЖЬ
477;159;Яндекс для медиа;yandexmedia@tass.ru;;;15929;ЛОЖЬ;;Заявка 19092;ЛОЖЬ
478;147;SSO (SAML) тестирование;SSO (SAML);;;3844;ЛОЖЬ;;;ЛОЖЬ
479;159;Тестовые уведомления подсистемы планирования;;;;;ЛОЖЬ;;;ЛОЖЬ
480;160;SMM-модерация;smm-moderation@tass.ru;;;2798;ЛОЖЬ;;;ЛОЖЬ
481;160;СПБ РИЦ - Технический отдел;spb_admin@tass.ru;;;764;ЛОЖЬ;;19426 Вместо общего п/я;ЛОЖЬ
482;143;splunk.tass.ru;SPLUNK;;10678;3844;ЛОЖЬ;;Тестовый сервер SIEM SPLUNK;ИСТИНА
483;12;S:\Отдел видеоконтента\Овидео;;;2948;15929;ЛОЖЬ;;19652;ЛОЖЬ
484;131;АРМ СКУД (лиц.ключи);Ключ СКУД;;3844;3844;ЛОЖЬ;;Аудит 04.05.16 - ОК.;ЛОЖЬ
485;159;Пресс-центр ТАСС;press-сenter@tass.ru;;;4750;ЛОЖЬ;;Заявка 19900, 21375 - пероеименование в press-сenter@tass.ru;ЛОЖЬ
486;166;Локальная защита KES;;;2898;3844;ЛОЖЬ;;;ЛОЖЬ
487;166;Серверы управления KSC;;;893;3844;ЛОЖЬ;;;ЛОЖЬ
488;166;Локальная защита dr.Web;;;2370;3844;ЛОЖЬ;;;ЛОЖЬ
489;166;Cisco (спам-фильтр);;;2947;3844;ЛОЖЬ;;;ЛОЖЬ
490;119;Кадровая рассылка 1С;1CInformation@tass.ru;;2413;10693;ЛОЖЬ;;"Описание сервиса Кадровой рассылки.
 Сервис «Кадровая рассылка» предполагает информирование сотрудников определенного подразделения о приеме нового сотрудника на работу путем рассылки почтовых сообщений каждому сотруднику этого подразделения. Список рассылки программа формирует самостоятельно по всем сотрудникам подразделения, которые имеют корпоративный e-mail и зарегистрированы в ActiveDirectory. Также оператор с правами доступа к обработке «Кадровая рассылка» имеет возможность дополнить список рассылки вручную. Например, включить в список рассылки руководство ИТАР-ТАСС.  

1. Критерием по которому выбирается адресат является подразделение, в которое сотрудник приходит на работу. Программа берет всех сотрудников из ЗУП в этом подразделении и по их СНИЛСам в АД отбирает контактные данные. Например, некий Иванов Иван Иванович приходит на работу в ""ОАИС"", то 1С-ка разошлет письма всему Департаменту информационных технологий (Мол так и так у нас новый сотрудник с такого-то числа, просим любить и жаловать).
2. Данный модуль расположен в ЗУПе(База Зарплата и управление персоналом). Роль написана отдельная, т.е. кому назначим, тот и будет отправлять. Администратор 1С априори имеет доступ ко всем данным 1С.";ЛОЖЬ
491;161;Информационная рассылка 1С;1CInformation@tass.ru;10;;10693;ЛОЖЬ;;Создан по заявке 19559 от Ляхова О. См.  2.26 Сервис 1С;ЛОЖЬ
497;136;TASS Support Lite : телефонный справочник (расш. Для коллцентра);AD_TASS_Contacts_Edit;10;893;15911;ЛОЖЬ;;;ЛОЖЬ
499;160;Russian Defense Newswire;newsletter@tass.ru;;;1728;ЛОЖЬ;;Заявка 20154;ЛОЖЬ
500;6;Сервер:UCCX (172.29.16.12);UCCX;;737;10890;ЛОЖЬ;;;ИСТИНА
501;12;S:\Видео ПКФ;;;;490;ЛОЖЬ;;20122;ЛОЖЬ
502;6;Сервер:CUC (172.29.16.13);CUC;;737;10890;ЛОЖЬ;;;ЛОЖЬ
503;6;Сервер:CUP (IMP) (172.29.16.11);CUP;;737;10890;ЛОЖЬ;;;ЛОЖЬ
504;6;Сервер:CUCM (172.29.16.9);;;737;10890;ЛОЖЬ;;;ЛОЖЬ
505;6;Сервер:CUCM (172.29.16.10);;;737;10890;ЛОЖЬ;;;ЛОЖЬ
508;159;Отдел видеоконтента;video-content@tass.ru;;;17711;ЛОЖЬ;;20362, 58554;ЛОЖЬ
509;173;Ключи Клиент-банк ОАО «АБ «РОССИЯ»;;;;3899;ЛОЖЬ;;;ЛОЖЬ
510;160;(manager@tass.ru+manager@itar-tass.com+manager@tassphoto.com)!;manager@itar-tass.com;;27;1653;ЛОЖЬ;;20651    См. E-mail Гимадеева от 24.05;ЛОЖЬ
511;159;Национальное агентство ISSN в РКП;issn@tass.ru;;;3087;ЛОЖЬ;;20968;ЛОЖЬ
512;12;S:\ДПП\Регламенты ДМ;;;;10690;ЛОЖЬ;;21051;ЛОЖЬ
516;161;itar-tass@gov.ru;itar-tass@gov.ru;10;2370;;ЛОЖЬ;;Настройка выполняется Лопатиной непосредственно на АРМ;ЛОЖЬ
517;160;ВСЕ ФОТОКОРРЕСПОНДЕНТЫ;photography@tass.ru;;;2642;ЛОЖЬ;;21543, 56070;ЛОЖЬ
518;160;Отдел технического обслуживания;oto@tass.ru;;;;ЛОЖЬ;;;ЛОЖЬ
520;161;dev_itass@tass.ru;dev_itass@tass.ru;10;4207;4207;ЛОЖЬ;;Заявка 21773. Ящик необходим для тестирования писем командой разработчиков ЦЛ.;ЛОЖЬ
521;159;Поддержка ТАСС-Бизнес;support@tassbiz.ru;;;11030;ЛОЖЬ;;21802;ЛОЖЬ
522;160;Прием информационных сообщений провайдеров;inet@tass.ru;;2948;2948;ЛОЖЬ;;Заявка 22057;ЛОЖЬ
523;12;S:\ДПП\Медиапланы;;10;2948;10686;ЛОЖЬ;;22179. Владелец согласован.;ЛОЖЬ
524;159;Фиксация ошибок подсистемы Планирования;Bug_plan@tass.ru;;;10794;ЛОЖЬ;;;ЛОЖЬ
525;159;Поддержка пользователей подсистемы Планирования;Help_plan@tass.ru;;;;ЛОЖЬ;;;ЛОЖЬ
526;160;Выпускающие редакторы (Нехорошкин);vypusk@tass.ru;;;4700;ЛОЖЬ;;22289, 57929;ЛОЖЬ
527;160;Группа английских новостных редакторов ТАСС-интернет;tassnovosti_en@tass.ru;;;10799;ЛОЖЬ;;22337, смена владельца на Алексенко по 31362, на Сигову - 36548;ЛОЖЬ
528;5;AD_OU_FullAccess (создание и удаление подразделений);AD_OU_FullAccess;10;2948;2948;ЛОЖЬ;;;ЛОЖЬ
529;5;AD_Computers_FullAccess (создание и удаление компьютеров).;AD_Computers_FullAccess;10;2948;2948;ЛОЖЬ;;;ЛОЖЬ
530;6;Запись телефонных разговоров:API;MediaSense:API;;2948;10890;ЛОЖЬ;;Для взаимодействия с другими системами;ИСТИНА
531;160;Приём входящих SMS;sms2mail@tass.ru;;;737;ЛОЖЬ;;22653;ЛОЖЬ
532;159;ТАСС-Наука;science@tass.ru;;;524;ЛОЖЬ;;Заявка 22738, 22740 (создана как группа рассылки для ТАСС-Наука по заявке №3991);ЛОЖЬ
534;159;Представительство ТАСС в Австрии;vienna@tass.ru;;;4700;ЛОЖЬ;;22640;ЛОЖЬ
535;160;Редакция информации для иностранных подписчиков;english@tass.ru;10;893;2577;ЛОЖЬ;;22680, 31216 (бывш. Английская редакция);ЛОЖЬ
537;159;SMS сообщения;smstass@tass.ru;;;737;ЛОЖЬ;;22828;ЛОЖЬ
538;160;Группа новостных редакторов ТАСС-интернет;tassnovosti@tass.ru;;;929;ЛОЖЬ;;Смена владельца на Сигову по 31362;ЛОЖЬ
540;159;ТАСС резюме;redactor@tass.ru;;;4529;ЛОЖЬ;;23494;ЛОЖЬ
541;147;Прочие правила;;;;3844;ЛОЖЬ;;;ЛОЖЬ
542;160;QC_support;QC_support@tass.ru;;;4442;ЛОЖЬ;;24409;ЛОЖЬ
543;143;service.corp.tass.ru;MiscServices;;66;66;ЛОЖЬ;;"Заявка 24696. В начале на машинке будут размещены:
- сервис обработки фотографий для социальных сетей;
- сервис доставки газет для редакций;
- роботы экономической редакции;
Бэкапов достаточно раз в сутки с глубиной хранения в неделю.";ИСТИНА
544;160;Редакция портала Welcome2018.com;welcome2018@tass.ru;;;919;ЛОЖЬ;;24888;ЛОЖЬ
545;161;hostmaster@tass.ru;hostmaster@tass.ru;10;893;3844;ЛОЖЬ;;Заявка от конца 2014 года (Давыдов);ЛОЖЬ
546;161;hostmaster@tass.com;hostmaster@tass.com;10;893;3844;ЛОЖЬ;;Заявка 25287;ЛОЖЬ
548;161;hostmaster@etokavkaz.ru;hostmaster@etokavkaz.ru;10;893;3844;ЛОЖЬ;;Заявка 22225;ЛОЖЬ
549;20;Direct Access;DA;10;893;2948;ЛОЖЬ;;Доступ регулируется включением ДОМЕННОГО АРМ в группу DirectAccess_Clients. Там же можно смотреть, у кого есть доступ.;ЛОЖЬ
551;160;Отдел тестирования ДИТ;testers_dit@tass.ru;;;2895;ЛОЖЬ;;25412;ЛОЖЬ
552;160;Сетевой сканер ТАСС;Scan@tass.ru;;;2016;ЛОЖЬ;;24943;ЛОЖЬ
553;147;Извне прочее;in-misc;;;3844;ЛОЖЬ;;;ЛОЖЬ
554;6;Аsterisk (SIP-телефония);Asterisk;;737;10890;ЛОЖЬ;;;ЛОЖЬ
555;172;"Роль ""Просмотр статистики по всем подразделениям""";QC_StatAll;10;4442;4442;ЛОЖЬ;;Заявка 25612;ЛОЖЬ
556;172;"Роль ""Просмотр статистики по СВОЕМУ подразделению""";QC_StatMyDiv;10;4442;4442;ЛОЖЬ;;Заявка 25612;ЛОЖЬ
557;160;ТАСС-АНИА;ania@tass.ru;;;1042;ЛОЖЬ;;25991;ЛОЖЬ
559;159;payments@tass.ru;payments@tass.ru;;;16354;ЛОЖЬ;;26253;ЛОЖЬ
560;17;Cisco WebEx;WebEx;;;;ЛОЖЬ;;;ЛОЖЬ
561;160;Региональная редакция агентства ТАСС;regions@tass.ru;;;2190;ЛОЖЬ;;27131;ЛОЖЬ
562;161;Уведомления СКУД APACS;apacs@tass.ru;10;;3844;ЛОЖЬ;;;ЛОЖЬ
563;159;Национальное агентство ISBN в РКП;isbn@tass.ru;;;3087;ЛОЖЬ;;;ЛОЖЬ
564;159;Конференции ТАСС;conf@tass.ru;;;16214;ЛОЖЬ;;;ЛОЖЬ
565;160;Редакция DV;editorial@dv.land;;;15929;ЛОЖЬ;;30780, 58790;ЛОЖЬ
566;159;Russian Scientists News Feed;rsnf@tass.ru;;;524;ЛОЖЬ;;25736. Владелец (Борисова) подтвержден Быковским 11.08.16;ЛОЖЬ
567;12;S:\ДИТ\Управление_документацией;;10;2947;15906;ЛОЖЬ;;27334. Создание, хранение и актуализация коммуникационно-информационной базы ДИТ;ЛОЖЬ
568;159;Пресс-центр ТАСС (Аккредитация);accreditation@tass.ru;;;4750;ЛОЖЬ;;Заявка 24717;ЛОЖЬ
569;159;Пресс-центр ТАСС (Анонсы);Press-anons@tass.ru;;;4750;ЛОЖЬ;;Заявка 24717;ЛОЖЬ
570;160;АСЕАН-2016;asean2016@tass.ru;;;3259;ЛОЖЬ;;"27463;  Удалена по 37903";ЛОЖЬ
571;12;S:\ООТ\;"Отдел ""Окна ТАСС""";10;2948;490;ЛОЖЬ;19.12.2016;27562;ЛОЖЬ
573;160;ПМЭФ2016;pmef2016@tass.ru;;;3259;ЛОЖЬ;;"27855;   Удалена по 37903";ЛОЖЬ
574;161;Уведомление СДО (sdo_notification@tass.ru);sdo_notification@tass.ru;10;893;15906;ЛОЖЬ;;Заявка 28368. Уведомления СДО (поручения);ЛОЖЬ
575;159;Реклама DV;sales@dv.land;;;4774;ЛОЖЬ;;28424, 30780;ЛОЖЬ
576;159;Представительство ТАСС в Нидерландах (Гаага);tassnl@tass.ru;;;4497;ЛОЖЬ;;28470;ЛОЖЬ
578;5;DameWare - адресный доступ (пока под вопросом!!!!! - Гимадеев);DW-special;10;2778;3844;ЛОЖЬ;;Адресный доступ к конкретным АРМ;ЛОЖЬ
579;160;ФОТО ПМЭФ;forum@tass.ru;;;2660;ЛОЖЬ;;28482, 61555;ЛОЖЬ
580;159;Учебный центр wbx;uc_wbx@tass.ru;;;10802;ЛОЖЬ;;;ЛОЖЬ
581;159;Улица с обложки;mosstreets@tass.ru;;;4359;ЛОЖЬ;;29294;ЛОЖЬ
582;159;ТАСС Бизнес;info@tassbiz.ru;;;16624;ЛОЖЬ;;29518;ЛОЖЬ
583;160;Медиа (фото, видео) контент от штатных корреспондентов;visual@tass.ru;;;4643;ЛОЖЬ;;;ЛОЖЬ
584;180;Внутренние пользователи (Админка);Админка;;;15929;ЛОЖЬ;;;ЛОЖЬ
585;178;Внутренние пользователи (Админка);Админка;;;4774;ЛОЖЬ;;;ЛОЖЬ
586;179;Внутренние пользователи (Админка);Админка;;;10999;ЛОЖЬ;;;ЛОЖЬ
587;126;Внутренние пользователи (Админка);Админка;;16655;16655;ЛОЖЬ;;;ЛОЖЬ
588;159;ОЛР-Учёт;olr@tass.ru;;;1365;ЛОЖЬ;;;ЛОЖЬ
589;159;rs_asia@tass.ru;rs_asia@tass.ru;;;2052;ЛОЖЬ;;29900;ЛОЖЬ
590;159;rs_europe@tass.ru;rs_europe@tass.ru;;;3961;ЛОЖЬ;;29900;ЛОЖЬ
591;159;rs_cis@tass.ru;rs_cis@tass.ru;;;1042;ЛОЖЬ;;29900;ЛОЖЬ
592;159;rs_africa@tass.ru;rs_africa@tass.ru;;;68;ЛОЖЬ;;29900;ЛОЖЬ
593;159;rs_america@tass.ru;rs_america@tass.ru;;;405;ЛОЖЬ;;29900;ЛОЖЬ
594;159;rs_regiony@tass.ru;rs_regiony@tass.ru;;;16396;ЛОЖЬ;;29900;ЛОЖЬ
595;159;rs_dv@tass.ru;rs_dv@tass.ru;;;4774;ЛОЖЬ;;29900, 30780;ЛОЖЬ
596;159;rs_dip@tass.ru;rs_dip@tass.ru;;;2256;ЛОЖЬ;;29900;ЛОЖЬ
597;159;rs_voen@tass.ru;rs_voen@tass.ru;;;3378;ЛОЖЬ;;29900;ЛОЖЬ
598;159;rs_vypusk@tass.ru;rs_vypusk@tass.ru;;;2840;ЛОЖЬ;;29900;ЛОЖЬ
599;159;rs_english@tass.ru;rs_english@tass.ru;;;2577;ЛОЖЬ;;29900;ЛОЖЬ
600;159;rs_kremlin@tass.ru;rs_kremlin@tass.ru;;;3107;ЛОЖЬ;;29900;ЛОЖЬ
601;159;rs_polit@tass.ru;rs_polit@tass.ru;;;835;ЛОЖЬ;;29900;ЛОЖЬ
602;159;rs_cherdak@tass.ru;rs_cherdak@tass.ru;;;16239;ЛОЖЬ;;29900;ЛОЖЬ
603;159;rs_etokavkaz@tass.ru;rs_etokavkaz@tass.ru;;;11011;ЛОЖЬ;;29900;ЛОЖЬ
604;159;rs_internet@tass.ru;rs_internet@tass.ru;;;365;ЛОЖЬ;;29900;ЛОЖЬ
605;159;rs_social@tass.ru;rs_social@tass.ru;;;17082;ЛОЖЬ;;29900, 39792;ЛОЖЬ
606;159;rs_special@tass.ru;rs_special@tass.ru;;;860;ЛОЖЬ;;29900;ЛОЖЬ
607;159;rs_sport@tass.ru;rs_sport@tass.ru;;;4221;ЛОЖЬ;;29900;ЛОЖЬ
608;159;rs_oper@tass.ru;rs_oper@tass.ru;;;4346;ЛОЖЬ;;29900;ЛОЖЬ
609;159;rs_econom@tass.ru;rs_econom@tass.ru;;;562;ЛОЖЬ;;29900;ЛОЖЬ
610;159;rs_plan@tass.ru;rs_plan@tass.ru;;;2794;ЛОЖЬ;;29900;ЛОЖЬ
611;159;rs_anons@tass.ru;rs_anons@tass.ru;;;2941;ЛОЖЬ;;29900;ЛОЖЬ
612;159;rs_monitor@tass.ru;rs_monitor@tass.ru;;;3056;ЛОЖЬ;;29900;ЛОЖЬ
613;159;rs_monitortv@tass.ru;rs_monitortv@tass.ru;;;3056;ЛОЖЬ;;29900;ЛОЖЬ
614;159;rs_sprav@tass.ru;rs_sprav@tass.ru;;;2732;ЛОЖЬ;;29900;ЛОЖЬ
615;160;Группа пейджхолдеров (редакция сайта tass.ru);pageholders@tass.ru;;;365;ЛОЖЬ;;29957;ЛОЖЬ
616;160;Группа планирования сайта;plan-site@tass.ru;;;1654;ЛОЖЬ;;35104, 51577;ЛОЖЬ
617;161;Техническая поддержка ДИТ;isupport@tass.ru;10;893;4207;ЛОЖЬ;;;ЛОЖЬ
621;161;isupport-ТMM@tass.ru;isupport-ТMM@tass.ru;10;893;4207;ЛОЖЬ;;Заявка 30083      POP3, без ограничения срока действия пароля. Менять по графику вручную;ЛОЖЬ
622;161;isupport-CHKM@tass.ru;isupport-CHKM@tass.ru;10;893;4207;ЛОЖЬ;;Заявка 30083      POP3, без ограничения срока действия пароля. Менять по графику вручную;ЛОЖЬ
623;161;isupport-ТDVM@tass.ru;isupport-ТDVM@tass.ru;10;893;4207;ЛОЖЬ;;Заявка 30083      POP3, без ограничения срока действия пароля. Менять по графику вручную;ЛОЖЬ
624;161;isupport-ТКM@tass.ru;isupport-ТКM@tass.ru;10;893;4207;ЛОЖЬ;;Заявка 30083      POP3, без ограничения срока действия пароля. Менять по графику вручную;ЛОЖЬ
628;161;isupport-DOCS@tass.ru;isupport-DOCS@tass.ru;10;893;4207;ЛОЖЬ;;Заявка 30224      POP3, без ограничения срока действия пароля. Менять по графику вручную;ЛОЖЬ
630;161;Технологический для «Казинформ»;ania-kz@tass.ru;10;893;2370;ЛОЖЬ;;;ЛОЖЬ
631;132;TRASSIR-DVR01;Брянская;;3844;16307;ЛОЖЬ;;;ЛОЖЬ
632;132;TRASSIR-DVR02;Тверской,2-1;;3844;16307;ЛОЖЬ;;;ЛОЖЬ
633;132;TRASSIR-DVR03;Тверской,2-2;;3844;16307;ЛОЖЬ;;;ЛОЖЬ
634;132;TRASSIR-DVR04;Тверской,10;;3844;16307;ЛОЖЬ;;;ЛОЖЬ
635;160;Фотобанк ВЭФ;forumvostok@tassphoto.com;;;4643;ЛОЖЬ;;30807;ЛОЖЬ
636;20;VPN_Editors;VPN_Editors;10;893;4207;ЛОЖЬ;;"Заявка 31422, 31447, 34669. Для доступа корреспондентов и редакторов. Доступен DNS + редакционные ресурсы (по портам 80, 443 если не указано иное): navigator.es-service.corp.tass.ru (172.28.40.196), admin.tass.ru, admin.etokavkaz.ru, admin.dv.land, admin.mystreet2016.tass.ru, инструмент контроля качества - review.corp.tass.ru;  Jira.corp.tass.ru, dev.allrussia.online
 (172.28.40.185), photo-processing.es-service.corp.tass.ru, https://press-center.tass.ru/, edu.tass.ru (портал учебного центра), docs.corp.tass.ru (документооборот Docsvision).  Адрес 192.168.25.142 указывает на  admin-kvz.itass.local, то есть на адрес admin.etokavkaz.ru.    нужен доступ к этому IP к порту 8181 для правильной работы системы совместного редактирования в админке «ЭтоКавказ», http://preprod.smm.corp.tass.ru";ЛОЖЬ
637;161;isupport@tass.ru;isupport@tass.ru;10;893;4207;ЛОЖЬ;;POP3, без ограничения срока действия пароля. Менять по графику вручную;ЛОЖЬ
639;159;wiki@tass.ru;wiki@tass.ru;10;893;272;ЛОЖЬ;;Заявка 31013      POP3, без ограничения срока действия пароля. Менять по графику вручную;ЛОЖЬ
640;127;Читатели (AD);Wiki_Users;;1365;2732;ЛОЖЬ;;;ЛОЖЬ
641;159;Выпуск визуального контента на сайт TassPhoto.com;visualdesk@tass.ru;10;893;4643;ЛОЖЬ;;Заявка 31554. Обмен информацией по загрузке на сайт продаж фото-видео – Tassphoto.com. В частности, информации о поступлении видео от пресс-центра ТАСС.;ЛОЖЬ
642;159;Спецпроект «МСП»;Spec-msp@tass.ru;10;893;10782;ЛОЖЬ;;;ЛОЖЬ
643;5;Специальные права в AD (разное);AD operator;10;2948;3844;ЛОЖЬ;;;ЛОЖЬ
644;121;Пользователи;;;;;ЛОЖЬ;;;ЛОЖЬ
645;181;Тестировщик (AD-группа MARK_Test);MARK_Test;10;1365;1838;ЛОЖЬ;;31680;ЛОЖЬ
646;181;Пользователь (AD-группа MARK_Prod);MARK_Prod;10;1365;1838;ЛОЖЬ;;31680;ЛОЖЬ
647;12;S:\Кадры\15_ИКК;;10;2948;3868;ЛОЖЬ;;31774;ЛОЖЬ
648;133;Доступ к VM виртульной инфраструктуры;VMs;10;893;2948;ЛОЖЬ;;;ЛОЖЬ
649;12;S:\УД\СУО\ХО;;;;;ЛОЖЬ;;;ЛОЖЬ
650;12;S:\ФД\Руководство;;;;3899;ЛОЖЬ;;Письмо от 08.02.2017 Тема : RE: S:\ФД\Руководство;ЛОЖЬ
651;119;База Buh_centr - Бюджетирование;БК;;2411;3899;ЛОЖЬ;;8.3;ЛОЖЬ
652;160;Редакция политической информации;politics@tass.ru;10;893;835;ЛОЖЬ;;Заявка 31216;ЛОЖЬ
653;160;Редакция спортивной информации;group-sport@tass.ru;10;893;4221;ЛОЖЬ;;31216;ЛОЖЬ
654;160;Редакция Внешнеполитической информации;foreign-policy@tass.ru;10;893;2256;ЛОЖЬ;;31216;ЛОЖЬ
655;160;Редакция Чрезвычайных происшествий и оперативной информации;emergencies@tass.ru;10;893;4346;ЛОЖЬ;;31216;ЛОЖЬ
656;160;Редакция Социальной и гуманитарной информации;social@tass.ru;10;893;4373;ЛОЖЬ;;"31216; Удалено по 37901";ЛОЖЬ
657;160;Все руководители редакций Брянского Г.;Br_editorial@tass.ru;10;893;562;ЛОЖЬ;;31216;ЛОЖЬ
658;160;ВЭФ: выпуск фотохостинга;vostokforum@tass.ru;;;2127;ЛОЖЬ;;32060;ЛОЖЬ
659;160;ВЭФ2016;vef2016@tass.ru;;;562;ЛОЖЬ;;Удалена по 37903;ЛОЖЬ
660;159;Отдел администрации ТАСС БИЗНЕС;admin@tassbiz.ru;;;16855;ЛОЖЬ;;32455;ЛОЖЬ
661;160;KPI tass.ru;kpi_tassru@tass.ru;;;4442;ЛОЖЬ;;32522;ЛОЖЬ
662;161;isupport-DOCSM@tass.ru;isupport-DOCSM@tass.ru;10;893;4207;ЛОЖЬ;;;ЛОЖЬ
664;156;Ключи ЭП ВТБ;ЭП ВТБ;;3844;11031;ЛОЖЬ;;;ЛОЖЬ
665;146;УЦ ТАСС - запрос сертификатов;CertSRV;;893;3844;ЛОЖЬ;;;ЛОЖЬ
666;160;Фотобанк форума “Сочи”;forumsochi@tassphoto.com;;;4643;ЛОЖЬ;;;ЛОЖЬ
667;160;Сочи2016;sochi2016@tass.ru;;;562;ЛОЖЬ;;"33207; Удалена по 37903";ЛОЖЬ
668;160;Форум Сочи;sochiforum@tass.ru;;;2127;ЛОЖЬ;;33229;ЛОЖЬ
669;182;Администратор Airwatch;Airwatch-ADM;;;;ЛОЖЬ;;;ЛОЖЬ
671;161;sprt1@tass.ru;sprt1@tass.ru;10;893;1365;ЛОЖЬ;;;ЛОЖЬ
672;161;sprt2@tass.ru;sprt2@tass.ru;10;893;1365;ЛОЖЬ;;;ЛОЖЬ
673;161;sprt3@tass.ru;sprt3@tass.ru;10;893;1365;ЛОЖЬ;;;ЛОЖЬ
674;159;sprt-sender@tass.ru;sprt-sender@tass.ru;;;1365;ЛОЖЬ;;Заявка 33344;ЛОЖЬ
675;161;tstisup@tass.ru;tstisup@tass.ru;;;16006;ЛОЖЬ;;33495    (доступ по pop3, запрет устаревания пароля и т.п.);ЛОЖЬ
676;12;S:\ДИТ;;10;2948;10890;ЛОЖЬ;;;ЛОЖЬ
677;183;Пользователи;;;;;ЛОЖЬ;;Просто согласовываем;ЛОЖЬ
678;146;ОАО «АБ «РОССИЯ» -;;;;;ЛОЖЬ;;;ЛОЖЬ
679;146;ПЕРЕНЕСЕНО - См. 2.45 Клиент-банк ВТБ;См.2.45;;;;ЛОЖЬ;;;ЛОЖЬ
680;146;ПЕРЕНЕСЕНО - См. 2.44 Клиент-банк Сбербанка;См.2.44;;;;ЛОЖЬ;;;ЛОЖЬ
682;146;АРМ СУФД (Казначейство);;;;;ЛОЖЬ;;;ЛОЖЬ
683;146;ПЕРЕНЕСЕНО - См. 2.43 Клиент-банк ЦБ (КБР МЦИ);См.2.43;;;;ЛОЖЬ;;;ЛОЖЬ
684;12;S:\ДПП_ Революция-1917;;;;10686;ЛОЖЬ;;33802;ЛОЖЬ
685;184;x.10.1 Прочее;x.10.1 Прочее;;;;ЛОЖЬ;;;ЛОЖЬ
687;159;Казначейство ТАСС;treasurytass@tass.ru;;;11031;ЛОЖЬ;;33906;ЛОЖЬ
688;160;Правки английской ленты;correction@tass.ru;;;2577;ЛОЖЬ;;34186;ЛОЖЬ
689;160;Анонсы газет;anons_smi@tass.ru;;;2386;ЛОЖЬ;;34414;ЛОЖЬ
690;12;S:\Спецпроекты;;;;15929;ЛОЖЬ;;34503;ЛОЖЬ
691;12;S:\ДСИ\МЧС;;;;10721;ЛОЖЬ;;34296;ЛОЖЬ
692;160;Отдел новостей;news_site@tass.ru;;;16731;ЛОЖЬ;;34546;ЛОЖЬ
693;12;S:\ДСИ\WorldSkills;WorldSkills;;;4456;ЛОЖЬ;;34647;ЛОЖЬ
694;12;S:\Юридический департамент;Юридический департамент;;;16931;ЛОЖЬ;;34735;ЛОЖЬ
695;160;Главный выпуск;glav@tass.ru;;;;ЛОЖЬ;;;ЛОЖЬ
696;12;S:\ДСИ\Минкавказ;Минкавказ;;;16428;ЛОЖЬ;;34795;ЛОЖЬ
697;185;Запрос на создание A-записи;;;16006;;ЛОЖЬ;;Запрос а-записи заявка 35005;ЛОЖЬ
698;20;VPN_Digit;VPN_Digit;10;893;2947;ЛОЖЬ;;"33054  
цифровка";ЛОЖЬ
699;159;svodka-accents-sender@tass.ru;svodka-accents-sender@tass.ru;;;1365;ЛОЖЬ;;35061;ЛОЖЬ
700;159;Департамент продаж ТАСС;sales@tass.ru;;;3044;ЛОЖЬ;;35134;ЛОЖЬ
701;159;Конференции ТАСС;reg@tass.ru;;;16214;ЛОЖЬ;;35273;ЛОЖЬ
702;187;система вещания (телевизоры 1 этаж);;10;;;ЛОЖЬ;;;ЛОЖЬ
704;160;Работа с аккаунтами Apple;apple-standart@tass.ru;10;;;ЛОЖЬ;;;ЛОЖЬ
705;160;Работа с аккаунтами Apple;apple-enterprise@tass.ru;10;;;ЛОЖЬ;;;ЛОЖЬ
706;12;S:\СМиП\ОПРиСП;;;;2070;ЛОЖЬ;;;ЛОЖЬ
707;12;S:\ФД\Общая;;10;;3899;ЛОЖЬ;;;ЛОЖЬ
709;12;S:\СМиП\ОКП;;10;;11033;ЛОЖЬ;;;ЛОЖЬ
710;12;S:\СМиП\Подписка;;10;;2778;ЛОЖЬ;;;ЛОЖЬ
711;12;S:\ДСИ\Ростуризм;;10;;4456;ЛОЖЬ;;;ЛОЖЬ
713;12;S:\Кадры\16_Договора ГПХ;;;;10798;ЛОЖЬ;;;ЛОЖЬ
714;160;Apple аккаунты;apple-standart@tass.ru;;;16850;ЛОЖЬ;;;ЛОЖЬ
715;160;Apple аккаунты;apple-enterprise@tass.ru;;;16850;ЛОЖЬ;;;ЛОЖЬ
716;159;Студия инфографики ТАСС;dataviz@tass.ru;;;16883;ЛОЖЬ;;35588;ЛОЖЬ
717;160;Сайт tass.ru;allsite@tass.ru;;;16161;ЛОЖЬ;;35676;ЛОЖЬ
718;159;ТАСС-АКЦЕНТ;accent@tass.ru;;;3850;ЛОЖЬ;;36014;ЛОЖЬ
719;160;Рассылка от редактора по качеству (Качество текстов);quality@tass.ru;;;2283;ЛОЖЬ;;36030;ЛОЖЬ
720;160;СОЦИНФО Редакция социальной и гуманитарной информации;socinfo@tass.ru;;;17082;ЛОЖЬ;;35994;ЛОЖЬ
722;188;dev1-x.tass.ru;Сервера правления разработки;;66;66;ЛОЖЬ;;Доступ сотрудников управления разработки без согласования с Акафьевым;ЛОЖЬ
723;160;TeamViewer активация лицензии;teamviewer@tass.ru;10;2947;2778;ЛОЖЬ;;;ЛОЖЬ
726;160;Отдел неновостного контента;nenovost@tass.ru;;;17260;ЛОЖЬ;;37000, 39453 (смена владельца);ЛОЖЬ
727;190;itogi2016.etokavkaz.ru;;;4207;4207;ЛОЖЬ;;;ЛОЖЬ
728;160;Редакция региональных новостей;region1@tass.ru;;;16396;ЛОЖЬ;;37916;ЛОЖЬ
729;160;Редакция военной информации;military@tass.ru;;;3378;ЛОЖЬ;;;ЛОЖЬ
730;98;Доступ в Фотохронику ТАСС;Фотохроника ТАСС;;;;ЛОЖЬ;;;ЛОЖЬ
732;159;Арктика сегодня;arctic@tass.ru;;;16731;ЛОЖЬ;;38023;ЛОЖЬ
733;159;Представительство ТАСС в Германии (ФРГ);berlin@tass.ru;;;4276;ЛОЖЬ;;38111, 61531;ЛОЖЬ
734;159;Служба поддержки и информации online.bookchamber.ru;support@bookchamber.ru;;;3334;ЛОЖЬ;;38361;ЛОЖЬ
735;160;Отдел графического дизайна Департамента бренд-политики ТАСС;gd@tass.ru;;;16329;ЛОЖЬ;;38406;ЛОЖЬ
736;159;Книжная палата, прием заявок для сервиса online.bookchamber.ru;no-reply@bookchamber.ru;;2948;3334;ЛОЖЬ;;Заявка 38513;ЛОЖЬ
737;159;Книжная палата, прием заявок для сервиса online.bookchamber.ru;support@bookchamber.ru;;2948;3334;ЛОЖЬ;;Заявка 38513;ЛОЖЬ
738;159;Отдел графического дизайна Департамента бренд-политики ТАСС;gd@tass.ru;;;4207;ЛОЖЬ;;38979;ЛОЖЬ
739;160;Группа региональных редакторов ТАСС-интернет;regio@tass.ru;;;10799;ЛОЖЬ;;38696, 46642, 51559;ИСТИНА
740;12;S:\УАиМР\ОИБ\;;;;2898;ЛОЖЬ;;;ЛОЖЬ
743;159;oib@tass.ru;oib@tass.ru;;;16986;ЛОЖЬ;;;ЛОЖЬ
746;134;msk-osp-ts1;;;;2778;ЛОЖЬ;;39437 (доступ в во внешнюю сеть);ЛОЖЬ
747;160;Сочи2017;sochi@tass.ru;;;562;ЛОЖЬ;;39315;ЛОЖЬ
749;12;S:\ФД\ОЭП;;10;;10846;ЛОЖЬ;;;ЛОЖЬ
750;12;S:\ФД_Документы для УВК Формирование Бюджета17.02.2017;;;;3899;ЛОЖЬ;;39631;ЛОЖЬ
752;135;192.168.29.202 A;192.168.29.202 A;;16006;;ЛОЖЬ;;;ЛОЖЬ
753;135;192.168.29.206 A;192.168.29.206 A;;16006;;ЛОЖЬ;;;ЛОЖЬ
755;135;172.28.55.30 A;172.28.55.30 A;;16006;;ЛОЖЬ;;;ЛОЖЬ
756;135;dev.wiki.tass.ru CNAME;dev.wiki.tass.ru CNAME;;16006;;ЛОЖЬ;;;ЛОЖЬ
757;12;S:\ФД\Сценарии_бюджета_2017;;10;2948;3899;ЛОЖЬ;;;ЛОЖЬ
758;160;Дизайн;design@tass.ru;;;4207;ЛОЖЬ;;;ЛОЖЬ
759;135;103.5.149.72 A;103.5.149.72 A;;16006;;ЛОЖЬ;;;ЛОЖЬ
760;135;192.168.29.208 A;192.168.29.208 A;;;;ЛОЖЬ;;;ЛОЖЬ
762;160;Управление Разработки;dev_drp@tass.ru;;;17004;ЛОЖЬ;;40039, 69177;ЛОЖЬ
763;159;adobe-photo;adobe-photo@tass.ru;;;4643;ЛОЖЬ;;40109;ЛОЖЬ
764;12;S:\Кадры\;;10;;16951;ЛОЖЬ;;40026;ЛОЖЬ
765;12;S:\Кадры\2_Компенсации\2.1. Переводы;;;;10798;ЛОЖЬ;;40199;ЛОЖЬ
767;159;Отдел кадрового администрирования;hradmin@tass.ru;;;10798;ЛОЖЬ;;40495, без приема извне, без отправки, отображать в адресной книге;ЛОЖЬ
769;189;Photo\assets\Partners online\Reuters;;;;4643;ЛОЖЬ;;40493;ЛОЖЬ
770;12;S:\FTP\Photo\errors\Partners online\Reuters;;;;4643;ЛОЖЬ;;;ЛОЖЬ
771;115;Внешние пользователи;Внешние;;;1653;ЛОЖЬ;;;ЛОЖЬ
772;5;"Объекты групповых политик; объекты групповых политик с контейнером TASS_Computers; создание, изменение и удаление групп безопасности только в контейнере corp.tass.ru/TASS_Computers/Groups;";SD_Tier3;10;2948;2778;ЛОЖЬ;;40725;ЛОЖЬ
773;12;S:\ДпОиСКД\Закупки;;10;2948;11033;ЛОЖЬ;;;ЛОЖЬ
774;12;S:\СРН\Общая;;;;;ЛОЖЬ;;41014;ЛОЖЬ
775;159;Начальник дежурной смены Радиоцентра;dpnr@tass.ru;;;2378;ЛОЖЬ;;41008;ЛОЖЬ
776;159;Радиоцентр ТАСС;rc@tass.ru;;;2378;ЛОЖЬ;;;ЛОЖЬ
777;135;54.194.41.141 A;54.194.41.141 A;;;;ЛОЖЬ;;;ЛОЖЬ
778;191;forumyalta2017.tassphoto.com;;;;4643;ЛОЖЬ;;41124;ЛОЖЬ
779;135;194.28.236.194 A;194.28.236.194 A;;;;ЛОЖЬ;;;ЛОЖЬ
780;135;194.28.236.194 CNAME;194.28.236.194 CNAME;;;;ЛОЖЬ;;;ЛОЖЬ
782;12;S:\УРИЦ\Общая;;;;2903;ЛОЖЬ;;;ЛОЖЬ
784;12;S:\УРИЦ\Секретариат;;;;;ЛОЖЬ;;;ЛОЖЬ
1568;160;Пользователи ТАСС;hr@tass.ru;;;17298;ЛОЖЬ;;41188;ЛОЖЬ
1570;12;S:\СМиП;;;;17308;ЛОЖЬ;;53529;ЛОЖЬ
1571;12;S:\ФД\Действующие регламенты на 2017;;;;10846;ЛОЖЬ;;41284;ЛОЖЬ
1572;12;S:\ФД;;;;3899;ЛОЖЬ;;;ЛОЖЬ
1573;12;S:\ОСД\Доходные;;;;;ЛОЖЬ;;;ЛОЖЬ
1574;5;Права на изменение доступов к диску S;SD_Smena;10;;;ЛОЖЬ;;;ЛОЖЬ
1583;159;Пресс-центр ТАСС (ИННОПРОМ);innoprom@tass.ru;;;16240;ЛОЖЬ;;41709, 44280,интернет, адресная книга, оптравка - Ионова;ЛОЖЬ
1584;160;Редакция сайта tass.ru;allsite@tass.ru;;;15773;ЛОЖЬ;;41969, отправка, интернет, адресная книга;ЛОЖЬ
1585;160;Webmaster chrdk.ru;webmaster@chrdk.ru;;;4207;ЛОЖЬ;;42013, интернет, скрыть из книги;ЛОЖЬ
1586;160;Интервью для сайта;interview@tass.ru;;;929;ЛОЖЬ;;42035, интернет, адресная книга, г.р. Tassnovosti, 65692;ЛОЖЬ
1587;12;S:\ДПП\УПМ\Отчеты-web-аналитики;;;;16720;ЛОЖЬ;;41998;ЛОЖЬ
1588;160;Уведомление ДРП;notification_drp@tass.ru;;;17004;ЛОЖЬ;;42059, отправка все, адресная книга, 69177;ЛОЖЬ
1589;135;192.168.29.220 A;192.168.29.220 A;;16006;;ЛОЖЬ;;;ЛОЖЬ
1590;12;S:\СМиП\Поддержка Продаж;;;;16719;ЛОЖЬ;;37955, 42099;ЛОЖЬ
1591;98;Система выпуска фото;Фото ТАСС;;;;ЛОЖЬ;;;ЛОЖЬ
1592;160;webmaster dv.land;webmaster@dv.land;;;4207;ЛОЖЬ;;42263, интернет, скрыть из книги;ЛОЖЬ
1593;161;adobe-photo@tass.ru;adobe-photo@tass.ru;10;893;4643;ЛОЖЬ;;40109,42324;ЛОЖЬ
1594;159;Flipboard;flipboard_ru@tass.ru;;;10688;ЛОЖЬ;;42321, прием из интернета, скрыть из книги, отправка - Торопкин, 54128 - смена владельца;ЛОЖЬ
1595;161;Flipboard_en@tass.ru;Flipboard_en@tass.ru;;;;ЛОЖЬ;;;ЛОЖЬ
1596;135;172.28.43.21 A;172.28.43.21 A;;17320;;ЛОЖЬ;;;ЛОЖЬ
1597;135;172.28.43.22 A;172.28.43.22 A;;;;ЛОЖЬ;;;ЛОЖЬ
1598;135;172.28.43.23 A;172.28.43.23 A;;;;ЛОЖЬ;;;ЛОЖЬ
1599;135;172.28.43.24 A;172.28.43.24 A;;;;ЛОЖЬ;;;ЛОЖЬ
1600;159;Общий почтовый ящик Экспертной группы ОСП ДИТ;exp@tass.ru;;;2778;ЛОЖЬ;;42485, прием из интернета, отправка все, адресная канига;ЛОЖЬ
1601;12;S:\Кадры\Анкеты;Хранение анкет кандидатов;;;17298;ЛОЖЬ;;42633;ЛОЖЬ
1602;135;domains.readymag.com CNAME;readymag.com;;;;ЛОЖЬ;;;ЛОЖЬ
1603;12;S:\Кадры\1_Общая;;;;;ЛОЖЬ;;;ЛОЖЬ
1605;12;S:\Кадры\Анкеты;;;;;ЛОЖЬ;;;ЛОЖЬ
1606;12;S:\ФД\Документы для УВК Представительства_1кв._2017;;;;10846;ЛОЖЬ;;;ЛОЖЬ
1607;136;Группа управления доступами ServiceDesk;SD_AccessManagers;10;893;2778;ЛОЖЬ;;43038;ЛОЖЬ
1608;136;LDAP Press center Admins;Press-Center_INNO_Admins;10;893;16006;ЛОЖЬ;;43029;ЛОЖЬ
1609;136;LDAP Press center Users;Press-Center_INNO_Users;10;893;16006;ЛОЖЬ;;43029;ЛОЖЬ
1610;12;S:\СМиП\АОП;Файлы ОП и отделов документооборота;;;17342;ЛОЖЬ;;42977;ЛОЖЬ
1611;12;S:\FTP\Photo\assets\RIC;;;;4643;ЛОЖЬ;;;ЛОЖЬ
1612;12;S:\FTP\Photo\assets\RIC\Novosibirsk;;;;4643;ЛОЖЬ;;;ЛОЖЬ
1614;12;S:\FTP\Photo\assets\RIC\Ekaterinburg;;;;4643;ЛОЖЬ;;;ЛОЖЬ
1615;12;S:\FTP\Photo\errors\RIC;;;;4643;ЛОЖЬ;;;ЛОЖЬ
1616;12;S:\FTP\Photo\errors\RIC\Novosibirsk;;;;4643;ЛОЖЬ;;;ЛОЖЬ
1620;160;Департамент продаж;Dp_all@tass.ru;;;17315;ЛОЖЬ;;42908, интернет, адресная книга, отправка - Ланюгова, Карчевская;ЛОЖЬ
1622;160;ДП_Визуальные продукты;Dp_photo@tass.ru;;;1653;ЛОЖЬ;;42098, интернет, адресная книга, отправка - Казанцева;ЛОЖЬ
1623;160;ДП_руководители подразделений;Dp_ Heads@tass.ru;;;17315;ЛОЖЬ;;42098, интернет, адресная книга, отправка - Ланюгова, Карчевская;ЛОЖЬ
1624;160;ДП_Реклама и спецпроекты (OLD);Dp_advertising@tass.ru;;;2070;ЛОЖЬ;;42098, интернет, адресная книга, отправка - Краковская;ЛОЖЬ
1625;160;ДП_Cпецпроекты;Dp_project@tass.ru;;;17342;ЛОЖЬ;;42098, интернет, адресная книга, отправка - Соколов;ЛОЖЬ
1626;160;ДП_ Отдел по работе с рекламными агентствами;Dp_Agency@tass.ru;;;17342;ЛОЖЬ;;42098, интернет, адресная книга, отправка - Матушкина, Малофеева;ЛОЖЬ
1627;160;ДП_Информационные продукты;Dp_lenta@tass.ru;;;4354;ЛОЖЬ;;42098, интернет, адресная книга, отправка - Харисова;ЛОЖЬ
1628;135;172.28.43.34 A;172.28.43.34 A;;17320;;ЛОЖЬ;;43082;ЛОЖЬ
1630;12;S:\Кадры\4_Админ;;;;;ЛОЖЬ;;;ЛОЖЬ
1631;12;S:\Кадры\8_Заграница;;;;;ЛОЖЬ;;;ЛОЖЬ
1632;12;S:\Кадры\10_РеестрГПХ;;;;;ЛОЖЬ;;;ЛОЖЬ
1633;12;S:\Кадры\11_Макеты1С;;;;;ЛОЖЬ;;;ЛОЖЬ
1635;135;admin.pmef-2017.tass.ru CNAME;admin.pmef-2017.tass.ru CNAME;;;;ЛОЖЬ;;43227;ЛОЖЬ
1637;159;ServiceDesk;sd@tass.ru;;;;ЛОЖЬ;;;ЛОЖЬ
1638;12;S:\РСП;;;;;ЛОЖЬ;;;ЛОЖЬ
1639;159;Фотоконкурс ТАСС 2017;photokonkurs2017@tass.ru;;;10788;ЛОЖЬ;;43427, без книги, интернет, отправка - Васильева Мария Александровна, Оруджова Елена Гюльагеевна, Канайкина Полина Викторовна;ЛОЖЬ
1640;159;Группа Унифицированных Коммуникаций;guc@tass.ru;;;737;ЛОЖЬ;;43354, прием из интернета, без адренской книги, отправка - вирих;ЛОЖЬ
1641;159;Представительство ТАСС в СКФО;skfo@tass.ru;;;17234;ЛОЖЬ;;43578, адресная книга, интернет, отправка - Пономарева, Мирзоев;ЛОЖЬ
1642;160;Google Developer program;google-developer@tass.ru;;;16850;ЛОЖЬ;;43651, без книги, интернет;ЛОЖЬ
1643;12;S:\Кадры\2_Компенсации;;;;10798;ЛОЖЬ;;;ЛОЖЬ
1644;160;ТАССДети;tassdeti@tass.ru;;;16946;ЛОЖЬ;;43894, интернет, адресная книга;ЛОЖЬ
1645;159;Упарвление продаж рекламы и спецпроектов;adv@tass.ru;;;17315;ЛОЖЬ;;43923, книга, интернет, без отправки;ЛОЖЬ
1646;135;192.168.29.116 A;192.168.29.116 A;;;;ЛОЖЬ;;;ЛОЖЬ
1647;160;Тестирование ДРП;drp_qa@tass.ru;;;17004;ЛОЖЬ;;43993, книга, без интернета, 69177;ЛОЖЬ
1649;5;Практиканты;PR;10;;;ЛОЖЬ;;;ЛОЖЬ
1651;12;S:\Согласия контент;;;;;ЛОЖЬ;;44010;ЛОЖЬ
1652;160;Группа приема сообщений с gov.ru;govru@tass.ru;;;1365;ЛОЖЬ;;44203, интернет, адресная книга;ЛОЖЬ
1653;12;S:\ОСД;;;;11033;ЛОЖЬ;;;ЛОЖЬ
1654;160;ПМЭФ;event@tass.ru;;;562;ЛОЖЬ;;43840, без интернета, адресная книга,;ЛОЖЬ
1655;12;S:\Кадры\УЦ Адаптация;;;;10802;ЛОЖЬ;;44360;ЛОЖЬ
1657;160;Группа сопровождения систем категоризации;cat@tass.ru;;;16948;ЛОЖЬ;;44180, интернет, адресная книга, отправка - Кузнецов, Трейгер, Соловьева;ЛОЖЬ
1658;135;192.168.29.248 A;192.168.29.248 A;;;;ЛОЖЬ;;44513;ЛОЖЬ
1660;12;S:\ФД\Авансовые отчеты;;;;;ЛОЖЬ;;;ЛОЖЬ
1661;135;172.28.43.72 A;172.28.43.72 A;;;;ЛОЖЬ;;;ЛОЖЬ
1662;135;preprod.tassphoto.com CNAME;preprod.tassphoto.com CNAME;;;;ЛОЖЬ;;;ЛОЖЬ
1663;160;Коммуникация с отделом продакт менеджеров;drp_pm@tass.ru;;;17076;ЛОЖЬ;;45041, без интернета, адресная книга, без отправки;ЛОЖЬ
1664;159;Видео от силовых структур;video@tass.ru;;;17711;ЛОЖЬ;;45178, интернет, без адресной книги, без отправки, 58554;ЛОЖЬ
1666;12;S:\ФД\Представительства ТАСС за рубежом;;;;;ЛОЖЬ;;;ЛОЖЬ
1667;12;S:\ФД\ОУиОВС;;;;3899;ЛОЖЬ;;46401;ЛОЖЬ
1668;12;S:\ФД\ВЭО;;;;;ЛОЖЬ;;;ЛОЖЬ
1669;12;S:\FTP\Photo\assets\TASS\Contracts;;;;4643;ЛОЖЬ;;;ЛОЖЬ
1670;12;S:\Кадры\Родственники;Электронный архив документов;;;17150;ЛОЖЬ;;45373;ЛОЖЬ
1671;160;Цифровой блок;cifrblok@tass.ru;;;15929;ЛОЖЬ;;45391, интернет, адресная книга, отправка - Пенчилова, Бучнева;ЛОЖЬ
1672;6;Запись телефонных разговоров;;;;;ЛОЖЬ;;;ЛОЖЬ
1674;191;Инфраменеджер;;;;;ЛОЖЬ;;;ЛОЖЬ
1675;191;zavtrakivtass;;;;4643;ЛОЖЬ;;45530;ЛОЖЬ
1676;160;Дежурный инженер отдела эксплуатации;duty_devops@tass.ru;;;4207;ЛОЖЬ;;без интернета, адресная книга, отправка - все;ЛОЖЬ
1677;160;Дежурный инженер отдела эксплуатации;devops@tass.ru;;;4207;ЛОЖЬ;;без интернета, адресная книга, отправка - все;ЛОЖЬ
1678;12;S:\УД\СУО\ГОЗ;;;;595;ЛОЖЬ;;47956;ЛОЖЬ
1679;160;Антикоррупционная деятельность;anticor@tass.ru;;;16307;ЛОЖЬ;;46002, интернет, скрыть из книги;ЛОЖЬ
1680;159;Центр планирования;centr.plan.tass@tass.ru;;;2662;ЛОЖЬ;;46042, адресная книга, интернет, 67402;ЛОЖЬ
1681;12;S:\FTP\Photo\assets\Partners online\PNN;;;;4643;ЛОЖЬ;;45972;ЛОЖЬ
1682;12;S:\Документы для УВК Контроль эффективности бюджетного планирования 17.07.2017;;;;2454;ЛОЖЬ;;46357;ЛОЖЬ
1683;12;S:\СМиП\Еженедельные отчеты;;;;17315;ЛОЖЬ;;46558;ЛОЖЬ
1684;160;"Редакция ""Московский регион""";moscow@tass.ru;;;889;ЛОЖЬ;;40886;ЛОЖЬ
1685;12;S:\Кадры\Кадровое администрирование\1. Отдел кадрового администрирования;Отдел кадрового администрирования;;;10798;ЛОЖЬ;;46553;ЛОЖЬ
1686;12;S:\Кадры\Кадровое администрирование\2. Отдел оргразвития;Отдел оргразвития;;;10798;ЛОЖЬ;;46553;ЛОЖЬ
1687;12;S:\Кадры\Кадровое администрирование\3. Отдел загранкадры;Отдел загранкадры;;;10798;ЛОЖЬ;;46553;ЛОЖЬ
1688;12;S:\Кадры\Кадровое администрирование\4. Командировки;Командировки;;;10798;ЛОЖЬ;;46553;ЛОЖЬ
1689;12;S:\Медиаспецназ;;;;3091;ЛОЖЬ;;46919, 50737;ЛОЖЬ
1690;160;Вестник ТАСС;digest@tass.ru;;;17449;ЛОЖЬ;;47127, без интернета, адресная книга,;ЛОЖЬ
1691;189;Video\EEF-video;;;;4643;ЛОЖЬ;;47360;ЛОЖЬ
1693;159;Онлайн-конференции ТАСС;online-conference@tass.ru;;;10782;ЛОЖЬ;;47517, Адресная, интернет;ЛОЖЬ
1694;160;Регистрация внешних сервисов;drp-accounts@tass.ru;;;17004;ЛОЖЬ;;47628, без адресной, интернет;ЛОЖЬ
1695;12;S:\ДРП\Договоры;;;;4576;ЛОЖЬ;;47643;ЛОЖЬ
1696;12;S:\ТАССБИЗ;;;;17098;ЛОЖЬ;;47673;ЛОЖЬ
1697;159;Задайте ваш вопрос;dialog@tass.ru;;;17449;ЛОЖЬ;;47872, без адресной книги, без итернета;ЛОЖЬ
1698;159;Пресс-центр Газового форума;gasforum@tass.ru;;;16240;ЛОЖЬ;;48053, адресная книга, интернет;ЛОЖЬ
1699;12;S:\Кадры\Кадровое администрирование\5.Отпуска;Отпуска;;;;ЛОЖЬ;;48082;ЛОЖЬ
1700;12;S:\Кадры\Кадровое администрирование\6.Работа в ВД;Работа в ВД;;;;ЛОЖЬ;;48082;ЛОЖЬ
1701;12;S:\Кадры\Кадровое администрирование\7.РИЦ СПб;РИЦ СПб;;;;ЛОЖЬ;;48121;ЛОЖЬ
1702;12;S:\Кадры\Кадровое администрирование\8.РИЦ Урал;РИЦ Урал;;;;ЛОЖЬ;;48121;ЛОЖЬ
1703;12;S:\Кадры\Кадровое администрирование\9.РИЦ Сибирь;РИЦ Сибирь;;;;ЛОЖЬ;;48121;ЛОЖЬ
1704;135;192.168.25.7 A;192.168.25.7 A;;;;ЛОЖЬ;;;ЛОЖЬ
1705;159;Пресс-центр ТАСС-Сибирь;press-sib@tass.ru;;;319;ЛОЖЬ;;48425, адресная книга, интернет;ЛОЖЬ
1706;12;S:\Общая\Screensaver;;;;17449;ЛОЖЬ;;48717;ЛОЖЬ
1708;193;Пользователь;;;;;ЛОЖЬ;;;ЛОЖЬ
1709;5;TASS-AUDIO_User_Group;TASS-AUDIO_User_Group;10;;;ЛОЖЬ;;;ЛОЖЬ
1710;5;Press-Center_Admins;Press-Center_Admins;10;;;ЛОЖЬ;;;ЛОЖЬ
1711;5;Press-Center_INNO_Admins;Press-Center_INNO_Admins;10;;;ЛОЖЬ;;;ЛОЖЬ
1712;12;S:\Фото\Контракты;;;;10693;ЛОЖЬ;;49175, 63089;ЛОЖЬ
1713;12;S:\ДСИ\;;;;11033;ЛОЖЬ;;49071, 51411ы 66610;ЛОЖЬ
1714;12;S:\Транзит\Департаменты\Казначейство;;;;11031;ЛОЖЬ;;;ЛОЖЬ
1715;135;103.5.149.76 A;103.5.149.76 A;;16006;;ЛОЖЬ;;;ЛОЖЬ
1716;12;S:\Кадры\17_Headcount;;;;;ЛОЖЬ;;49499;ЛОЖЬ
1717;135;forinnovations2017.tassphoto.com CNAME;forinnovations2017.tassphoto.com CNAME;;;;ЛОЖЬ;;;ЛОЖЬ
1718;135;wfys2017.tassphoto.com CNAME;wfys2017.tassphoto.com CNAME;;;;ЛОЖЬ;;49362;ЛОЖЬ
1719;135;172.28.43.172 A;172.28.43.172 A;;17320;;ЛОЖЬ;;;ЛОЖЬ
1720;135;172.28.43.171 A;172.28.43.171 A;;;;ЛОЖЬ;;;ЛОЖЬ
1722;159;Отдел управления правами;ip@tass.ru;;;17325;ЛОЖЬ;;49739, книга, интернет;ЛОЖЬ
1723;12;S:\ДКК\Скринсейвер;;;;17449;ЛОЖЬ;;49873;ЛОЖЬ
1725;12;S:\Welcome2018;Оргкомитет Россия2018;;;4456;ЛОЖЬ;;50079;ЛОЖЬ
1726;5;vypusk_spb;vypusk_spb;;;133;ЛОЖЬ;;50082;ЛОЖЬ
1727;5;news_spb;news_spb;;;133;ЛОЖЬ;;50082;ЛОЖЬ
1728;12;S:\ДСИ\WorldSkills2017;;;;16428;ЛОЖЬ;;49903 По проекту (договору) с Союзом «Молодые профессионалы (Ворлдскиллс Россия)»;ЛОЖЬ
1729;160;Группа разработки основного tass.ru;dev-tm@tass.ru;;;17004;ЛОЖЬ;;50046, без книги, без интернета, 69177;ЛОЖЬ
1730;135;87.236.19.130 A;87.236.19.130 A;;;;ЛОЖЬ;;;ЛОЖЬ
1731;135;changing-russia.tass.com CNAME;changing-russia.tass.com CNAME;;;;ЛОЖЬ;;;ЛОЖЬ
1732;189;Photo\assets\Partners online\RBK;;;;4643;ЛОЖЬ;;50250 rbk;ЛОЖЬ
1734;160;Группа оперативного выпуска фото редакции фотоинформации;picturedesk@tass.ru;;;884;ЛОЖЬ;;50526, адресная книга, интернет;ЛОЖЬ
1735;135;172.28.43.195 A;172.28.43.195 A;;;;ЛОЖЬ;;;ЛОЖЬ
1736;135;172.28.43.196 A;172.28.43.196 A;;;;ЛОЖЬ;;;ЛОЖЬ
1737;12;S:\Чердак;Чердак;;;16655;ЛОЖЬ;;50795;ЛОЖЬ
1738;12;S:\FTP\Photo\assets\Partners;;;;4643;ЛОЖЬ;;DMZ\FTP_Photo_assets_Partners_RW;ЛОЖЬ
1739;12;S:\Съемки;;;;4643;ЛОЖЬ;;;ЛОЖЬ
1740;12;S:\Съемки-Архив-1;;;;4643;ЛОЖЬ;;;ЛОЖЬ
1741;12;S:\СМиП\ОПАВП​;;;;17537;ЛОЖЬ;;;ЛОЖЬ
1743;160;Информация выпуска и продаж фото;tassphoto@tass.ru;;;17537;ЛОЖЬ;;;ЛОЖЬ
1744;160;ДП_ Отдел по работе с корпоративными клиентами;Dp_advertising@tass.ru;;;265;ЛОЖЬ;;51447, интернет, книга;ЛОЖЬ
1745;195;Личный;;10;;;ЛОЖЬ;;;ЛОЖЬ
1746;160;ДП_ Отдел по работе с рекламными агентствами;Dp_Agency@tass.ru;;;;ЛОЖЬ;;51448, интернет, книга;ЛОЖЬ
1747;159;Академия новостей ТАСС;аcademy@tass.ru;;;10802;ЛОЖЬ;;51497, интернет, без книги;ЛОЖЬ
1748;12;S:\PC_tass.ru_ОП;;;;17337;ЛОЖЬ;;51784, 55644(новый владелец);ЛОЖЬ
1749;160;Управление доступом к Dropbox редакции сайта tass.ru;dropbox_rs@tass.ru;;;16923;ЛОЖЬ;;51930, интернет;ЛОЖЬ
1750;12;S:\ДСИ\Минобрнаука;;;;4456;ЛОЖЬ;;52214;ЛОЖЬ
1751;135;ssl-domains.readymag.com CNAME;ssl-domains.readymag.com CNAME;;;;ЛОЖЬ;;;ЛОЖЬ
1752;160;Все сотрудники ТАСС;all_employees@tass.ru;;;;ЛОЖЬ;;;ЛОЖЬ
1753;12;S:\AutoFeedConfiguration;;;;463;ЛОЖЬ;;52630;ЛОЖЬ
1754;160;Проведение Вебинаров с корреспондентами ТАСС;web-training@tass.ru;;;3399;ЛОЖЬ;;52941, книга, без интернета;ЛОЖЬ
1756;160;Департамент маркетинга ТАСС;marketing_research@tass.ru;;;11020;ЛОЖЬ;;53074, без книги, интернет;ЛОЖЬ
1757;152;ftps-corp.tass.ru;Photohosting_Users;10;893;17537;ЛОЖЬ;;53201;ЛОЖЬ
1758;5;Сервисные учетки;Service;10;;;ЛОЖЬ;;;ЛОЖЬ
1759;12;S:\ДИТ\ОСП;;;;16923;ЛОЖЬ;;53449;ЛОЖЬ
1760;191;194.28.236.203;ecotech2017;;;448;ЛОЖЬ;;53511;ЛОЖЬ
1763;12;S:\ОАП;;;;16755;ЛОЖЬ;;53633;ЛОЖЬ
1764;159;Информационная рассылка по базе клиентов ТАСС;info@tass.ru;;;16719;ЛОЖЬ;;53692, книга, без интернета;ЛОЖЬ
1770;159;Информационная рассылка ТАСС;info@tass.ru;;;16719;ЛОЖЬ;;53692, без получения, с отправкой;ЛОЖЬ
1771;159;МойОфис обратная связь;myoffice@tass.ru;;;17151;ЛОЖЬ;;53739, без отправки;ЛОЖЬ
1782;160;Группа Новости недвижимости и строительства;realty@tass.ru;;;17531;ЛОЖЬ;;54255, отправка от имени любого участника;ЛОЖЬ
1783;137;lyapina_a;http://mytasstest.tass.ru включая снепшоты, и бэкапы БД;;893;16348;ЛОЖЬ;;http://mytasstest.tass.ru включая снепшоты, и бэкапы БД;ЛОЖЬ
1786;12;S:\ТАССБИЗ;;;;;ЛОЖЬ;;;ЛОЖЬ
1787;159;Департамент развития продуктов ТАСС (коммуникационный);drp_specials@tass.ru;;;17486;ЛОЖЬ;;54179, интернет, без книги;ЛОЖЬ
1788;12;S:\Департамент спецпроектов\Пресс-центр\Проект Билайн;;;;17351;ЛОЖЬ;;54381, 56519;ЛОЖЬ
1789;12;S:\УВК;;;;16308;ЛОЖЬ;;;ЛОЖЬ
1790;12;S:\ФД\Приказы;;;;3899;ЛОЖЬ;;55097;ЛОЖЬ
1791;12;S:\Главные кадры ТАСС – 27.12.2017;;;;17449;ЛОЖЬ;;54811;ЛОЖЬ
1792;5;Права на проект «Фотохостинг»;Photohosting_Users;10;;17004;ЛОЖЬ;;;ЛОЖЬ
1793;12;S:\СМ;;;;;ЛОЖЬ;;;ЛОЖЬ
1795;5;Уральский РИЦ - пользователь;AD_EKB_Users;10;;;ЛОЖЬ;;;ЛОЖЬ
1797;12;S:\Кадры\Документы HR для ДИТ;;;;10798;ЛОЖЬ;;55833;ЛОЖЬ
1798;189;Photo\assets\Partners online\Vedomosti;;;;4643;ЛОЖЬ;;55913;ЛОЖЬ
1800;135;172.28.32.26 A;172.28.32.26 A;;;;ЛОЖЬ;;;ЛОЖЬ
1801;159;Управление по сопровождению интернет-проектов;AdLaw@tass.ru;;;16989;ЛОЖЬ;;56015, книга, интернет;ЛОЖЬ
1802;189;Syria;;;;4643;ЛОЖЬ;;55984;ЛОЖЬ
1803;12;S:\Фото\ОВФ;;;;884;ЛОЖЬ;;55987;ЛОЖЬ
1804;12;S:\УД\СУО\РиБП;;;;;ЛОЖЬ;;;ЛОЖЬ
1805;12;S:\PC_tass.ru\ОП\ОРС;;;;;ЛОЖЬ;;56317;ЛОЖЬ
1806;12;S:\УД\СУО;;;;;ЛОЖЬ;;;ЛОЖЬ
1807;5;IMAP Мой офис тест;IMAP;;;;ЛОЖЬ;;;ЛОЖЬ
1808;12;S:\ТД\МС;;;;1425;ЛОЖЬ;;56718;ЛОЖЬ
1809;12;S:\ТД\СТ;;;;1425;ЛОЖЬ;;56718;ЛОЖЬ
1810;12;S:\ТД\СКЛАД АО;;;;1425;ЛОЖЬ;;56718;ЛОЖЬ
1811;191;CRM;;;893;737;ЛОЖЬ;;Заявка 21232. БД CRM колл-центра;ЛОЖЬ
1812;191;CRM_T;;;893;737;ЛОЖЬ;;Заявка 21232. БД CRM колл-центра;ЛОЖЬ
1813;191;msk-db01\mssqlserver\GTDB;;;893;737;ЛОЖЬ;;БД Биллинга;ЛОЖЬ
1814;191;MSK-DB01-Plan\PLANNING;;;893;1838;ЛОЖЬ;;Для системы планирования;ЛОЖЬ
1815;191;MSK-DB01-Plan\PLANNING_TEST;;;893;2895;ЛОЖЬ;;Заявка 21152;ЛОЖЬ
1816;191;msk-digit-db01;;;;;ЛОЖЬ;;;ЛОЖЬ
1817;191;БД системы Биллинга (Вирих);;;893;737;ЛОЖЬ;;"1)      Создание группы безопасности CORP\SQL_GTDB_Admins
2)      Создание сервисной учетной записи CORP\SQL_GTDB_Admin и добавление в группу CORP\SQL_GTDB_Admins
3)      Добавление пользователя CORP\ext_kamyshenko_a в группу CORP\SQL_GTDB_Admins
4)      Предоставление группе CORP\SQL_GTDB_Admins права доступа db_owner на БД GTDB (база биллинга)";ЛОЖЬ
1818;191;MySql Percona;;;;;ЛОЖЬ;;;ЛОЖЬ
1819;160;Учётные записи (кадры);User_accounts@tass.ru;;;17298;ЛОЖЬ;;56503, 56747, без книги, без интернета;ЛОЖЬ
1820;134;sibur.tassphoto.com;;;;448;ЛОЖЬ;;56797;ЛОЖЬ
1821;12;S:\УД\Общая;;;;;ЛОЖЬ;;;ЛОЖЬ
1822;12;S:\УД\САП;;;;;ЛОЖЬ;;;ЛОЖЬ
1823;12;S:\ДРП\Рабочее;;;;4576;ЛОЖЬ;;57402;ЛОЖЬ
1824;15;SMTP доступ;SMTP;;;;ЛОЖЬ;;;ЛОЖЬ
1825;12;S:\Кадры\ДИ_ЮД;;;;10798;ЛОЖЬ;;57337;ЛОЖЬ
1826;12;S:\Общая\Тир Калашникова;Тир Калашникова;;;2060;ЛОЖЬ;;57164;ЛОЖЬ
1827;12;S:\КпЗ\Закупки;Папка с документами по закупочным процедурам ТАСС;;;3236;ЛОЖЬ;;57260;ЛОЖЬ
1828;159;Elvis DAMS;elvis_notifications@tass.ru;;;17486;ЛОЖЬ;;57902, интерент, без книги;ЛОЖЬ
1829;189;Photo\Elvis;;;;4643;ЛОЖЬ;;58142;ЛОЖЬ
1831;119;База CORP;CORP;;16348;3899;ЛОЖЬ;;8.3;ЛОЖЬ
1832;12;S:\ДИТ\Проекты;;;;4135;ЛОЖЬ;;59230;ЛОЖЬ
1833;12;S:\ДИТ\Проекты\182.01_Управление имуществом;;;;3899;ЛОЖЬ;;59230;ЛОЖЬ
1834;106;Пользовательский каталог;;;;;ЛОЖЬ;;;ЛОЖЬ
1836;12;S:\РТД;Дети;;;17807;ЛОЖЬ;;58739, 75609;ЛОЖЬ
1837;160;ДП_Отдел по работе с рекламными агентствами;sales@tass.ru;;;17776;ЛОЖЬ;;58880, книга, интернет;ЛОЖЬ
1838;160;Оформление служебной командировки;travel@tass.ru;;;16610;ЛОЖЬ;;59052, книга, интернет;ЛОЖЬ
1839;160;Департамент маркетинга;marketing@tass.ru;;;1728;ЛОЖЬ;;59092, книга, без интернета;ЛОЖЬ
1840;12;S:\Дети_ДРП;Дети ДРП;;;17807;ЛОЖЬ;;59473;ЛОЖЬ
1841;135;91.216.130.28 A;91.216.130.28 A;;;16653;ЛОЖЬ;;59510;ЛОЖЬ
1842;135;backend.worldcup2018.tass.ru CNAME;backend.worldcup2018.tass.ru CNAME;;;;ЛОЖЬ;;;ЛОЖЬ
1843;159;Техническая служба проекта Тасс.Дети;tass_deti@tass.ru;;;17740;ЛОЖЬ;;59673, интернет, без книги;ЛОЖЬ
1844;134;msk-ln06.corp.tass.ru;;;;4643;ЛОЖЬ;;59926 (доступ в во внешнюю сеть);ЛОЖЬ
1845;12;S:\Кадры_РМИ;Кадры_РМИ;;;17158;ЛОЖЬ;;59797;ЛОЖЬ
1846;134;172.28.3.57;;;;4618;ЛОЖЬ;;60141 (Spoon);ЛОЖЬ
1847;159;Школа Нанопрессы;nanopressa@tass.ru;;;10802;ЛОЖЬ;;60267, интернет, без книги;ЛОЖЬ
1848;5;Ricoh_Users;Ricoh_Users;;;4618;ЛОЖЬ;;60436, права у SD_Tier3;ЛОЖЬ
1849;12;S:\ОВК;ОВК;;;17688;ЛОЖЬ;;60331;ЛОЖЬ
1850;159;Медиашкола «Дальневосточный репортер»;DVreporter@tass.ru;;;10802;ЛОЖЬ;;60700, интернет, без книги;ЛОЖЬ
1851;12;S:\1C_TassPhoto;;;;10693;ЛОЖЬ;;61075;ЛОЖЬ
1852;189;Photo\assets\TASS\Press;;;;4643;ЛОЖЬ;;61091;ЛОЖЬ
1853;160;ДП_ Отдел по работе с рекламными агентствами;Dp_Agency@tass.ru;;;17776;ЛОЖЬ;;61108, интернет, книга;ЛОЖЬ
1854;12;S:\Шаблоны договоров и иных юр. документов;;;;16931;ЛОЖЬ;;61405;ЛОЖЬ
1855;135;172.28.40.81 A;172.28.40.81 A;;;;ЛОЖЬ;;;ЛОЖЬ
1856;12;S:\Дизайн студия ТАСС;Дизайн студия ТАСС;;;634;ЛОЖЬ;;61503;ЛОЖЬ
1857;189;TASS/SPIEF;;;;4643;ЛОЖЬ;;61578;ЛОЖЬ
1858;12;S:\ДМ;Департамент маркетинга;;;1728;ЛОЖЬ;;61857;ЛОЖЬ
1859;135;172.28.43.75 A;172.28.43.75 A;;;;ЛОЖЬ;;69864;ЛОЖЬ
1860;12;S:\Общая\ПМЭФ 2018;;;;17449;ЛОЖЬ;;61898;ЛОЖЬ
1861;135;192.168.25.71 A;192.168.25.71 A;;;;ЛОЖЬ;;;ЛОЖЬ
1862;159;Jira Service Administration;sa@tass.ru;;;17877;ЛОЖЬ;;63016, pop3, без интернета;ЛОЖЬ
1863;159;Переводчики Оперативного выпуска редакции фотоинформации;perevod@tass.ru;;;476;ЛОЖЬ;;63620, интернет, книга;ЛОЖЬ
1864;12;S:\ПКФ-Архив;ПКФ-Архив;;;4643;ЛОЖЬ;;62040;ЛОЖЬ
1865;135;192.168.25.88 A;192.168.25.88 A;;;;ЛОЖЬ;;;ЛОЖЬ
1866;12;S:\СМиП\РИЦ;;;;17755;ЛОЖЬ;;64099;ЛОЖЬ
1867;160;Отзывы пользователей tass.ru;feedback_tass_ru@tass.ru;;;16850;ЛОЖЬ;;63010, интернет, без книги;ЛОЖЬ
1868;159;konkurssmi@tass.ru;konkurssmi@tass.ru;;;16928;ЛОЖЬ;;63045, интернет, без книги;ЛОЖЬ
1869;135;192.168.29.172 A;192.168.29.172 A;;;;ЛОЖЬ;;;ЛОЖЬ
1870;12;S:\ФД\ЦБ\Главбух;Главбух;;;2454;ЛОЖЬ;;63205;ЛОЖЬ
1871;160;Группа оперативного совещания;opersovet@tass.ru;;;16946;ЛОЖЬ;;63227, без интернета, адресная книга;ЛОЖЬ
1872;135;preprod.terminal.tass.ru CNAME;preprod.ws-terminal.tass.ru CNAME;;;;ЛОЖЬ;;;ЛОЖЬ
1873;135;terminal.tass.ru CNAME;ws-terminal.tass.ru CNAME;;;;ЛОЖЬ;;;ЛОЖЬ
1876;12;S:\ФД\ЦБ;;;;;ЛОЖЬ;;;ЛОЖЬ
1877;12;S:\Счетная_палата_2018;;;;;ЛОЖЬ;;63931;ЛОЖЬ
1878;12;S:\ФД\Счетная палата_Проверка;Счетная палата_Проверка;;;3899;ЛОЖЬ;;63777;ЛОЖЬ
1879;135;172.28.55.134 A;172.28.55.134 A;;;;ЛОЖЬ;;;ЛОЖЬ
1880;5;TassRuConfiguratorDevelop;TassRuConfiguratorDevelop;;;16850;ЛОЖЬ;;61337;ЛОЖЬ
1881;160;osp1@tass.ru;osp1@tass.ru;;;4275;ЛОЖЬ;;64539;ЛОЖЬ
1882;5;TassRuConfiguratorProduction;TassRuConfiguratorProduction;;;16850;ЛОЖЬ;;;ЛОЖЬ
1883;12;S:\ДИТ\ОИС\Общая;S:\ДИТ\ОИС\Общая;;;;ЛОЖЬ;;64977;ЛОЖЬ
1884;12;S:\ДИТ\ОИС\ГСАИU;S:\ДИТ\ОИС\ГСАИU;;;;ЛОЖЬ;;64977;ЛОЖЬ
1885;160;Лицензии 1С;lic1c@tass.ru;;;10693;ЛОЖЬ;;65021, без книги, интернет;ЛОЖЬ
1886;159;Официальная почта фестиваля культуры и искусств Северного Кавказа «Северный Кавказ: синтез мира, синтез искусств»;sevkavfest@tass.ru;;;17571;ЛОЖЬ;;65183, без книги, интернет;ЛОЖЬ
1887;160;Tassphoto.com: поддержка;tassphoto_support@tass.ru;;;4643;ЛОЖЬ;;65308, книга, интернет;ЛОЖЬ
1888;160;Сервис рассылки фотоинформации;sender_photo@tass.ru;;;2127;ЛОЖЬ;;65309, книга, интернет, SMTP;ЛОЖЬ
1889;159;Диджитал-маркетинг;dm@tass.ru;;;10688;ЛОЖЬ;;65385, интернет, книга;ЛОЖЬ
1890;5;BPM_Operators;BPM_Operators;;;;ЛОЖЬ;;;ЛОЖЬ
1891;12;S:\ДИТ\ОИС;ДИТ ОИС;;;2948;ЛОЖЬ;;;ЛОЖЬ
1892;12;S:\Общая\Я_ТАСС;ДКК фото с ДР ТАСС;;;17590;ЛОЖЬ;;66514;ЛОЖЬ
1893;12;S:\СРИЦ;;;;;ЛОЖЬ;;;ЛОЖЬ
1894;107;Внештатные сотрудники;;;;4643;ЛОЖЬ;;;ЛОЖЬ
1895;12;S:\УРИЦ\ПЦ;Уральский региональный центр;;;;ЛОЖЬ;;;ЛОЖЬ
1896;12;S:\FTP\Photo\assets\TASS\;;;;4643;ЛОЖЬ;;;ЛОЖЬ
1897;135;172.28.40.13 DNS;172.28.40.13 DNS;;;;ЛОЖЬ;;;ЛОЖЬ
1898;12;S:\Фото\Общие;;;;;ЛОЖЬ;;67008;ЛОЖЬ
1899;12;S:\ДпОиСКД;;;;11033;ЛОЖЬ;;;ЛОЖЬ
1900;135;194.28.236.185 A;194.28.236.185 A;;;;ЛОЖЬ;;;ЛОЖЬ
1901;12;S:\ФД\Аудиторская проверка 2018г.;;;;3899;ЛОЖЬ;;67716;ЛОЖЬ
1902;197;http://oilgasforum2018.tassphoto.com;;;4643;1653;ЛОЖЬ;;67388;ЛОЖЬ
1903;12;S:\ДИТ\Проекты\Управление закупками;;;;4135;ЛОЖЬ;;67949;ЛОЖЬ
1905;12;S:\ДИТ\Проекты\Управление продажами;;;;4135;ЛОЖЬ;;67949;ЛОЖЬ
1906;160;Корреспондентская сеть ТАСС в СКФО;skfo@tass.ru;;;16760;ЛОЖЬ;;68216, интернет, книга;ЛОЖЬ
1907;12;S:\ФД\Бюджеты_2018 год;;;;10846;ЛОЖЬ;;68688;ЛОЖЬ
1908;12;S:\Росучебник;Росучебник;;;1995;ЛОЖЬ;;68638;ЛОЖЬ
1909;160;Команда разработки по HRSTAT;dev-hrstat@tass.ru;;;17004;ЛОЖЬ;;68120, книга, без интернета, 69177;ЛОЖЬ
1910;160;Команда разработки по TMA;dev-tma@tass.ru;;;17004;ЛОЖЬ;;68120, книга, без интернета, 69177;ЛОЖЬ
1911;160;Команда разработки по WIKI;dev-wiki@tass.ru;;;17004;ЛОЖЬ;;68120, книга, без интернета, 69177;ЛОЖЬ
1912;160;Команда разработки по IKK;dev-ikk@tass.ru;;;17004;ЛОЖЬ;;68120, книга, без интернета, 69177;ЛОЖЬ
1913;160;Команда разработки по Дальнему Востоку;dev-dv@tass.ru;;;17004;ЛОЖЬ;;68350, книга, без интернета, 69177;ЛОЖЬ
1914;160;Корреспондентская сеть ТАСС в ПФО;pfo@tass.ru;;;16638;ЛОЖЬ;;68429, интернет, книга;ЛОЖЬ
1917;160;Уведомление ServiceDesk;sd-notification@tass.ru;;;16923;ЛОЖЬ;;68919, без книги, без интернета;ЛОЖЬ
1918;160;Корреспондентская сеть ТАСС в СФО;sfo@tass.ru;;;3913;ЛОЖЬ;;68431, интернет, книга;ЛОЖЬ
1919;160;Корреспондентская сеть ТАСС в ПФО;pfo@tass.ru;;;16638;ЛОЖЬ;;68429, интернет, книга;ЛОЖЬ
1920;160;Корреспондентская сеть ТАСС в ЦФО;cfo@tass.ru;;;2486;ЛОЖЬ;;68547, интернет, книга;ЛОЖЬ
1921;160;Уведомление ServiceDesk;sd-notification@tass.ru;;;16923;ЛОЖЬ;;68919, без интернета, без книги, all_employees@tass.ru;ЛОЖЬ
1922;159;Внешние источники фотоинформации;partnerspics@tass.ru;;;1291;ЛОЖЬ;;69255, интернет, книга;ЛОЖЬ
1923;5;Редактор ресурсов IE;IE_website_list;10;2778;2778;ЛОЖЬ;;69794;ЛОЖЬ
1924;12;S:\ДпОиСКД\Закупки\Регистрация документов на закупку общая;;;;17306;ЛОЖЬ;;69826;ЛОЖЬ
1925;160;Корреспондентская сеть ТАСС в Южном федеральном;south@tass.ru;;16205;16205;ЛОЖЬ;;70433;ЛОЖЬ
1926;12;S:\Фото\ОВФ;Редакция фотоинформации;;;18064;ЛОЖЬ;;70499;ЛОЖЬ
1927;160;Корреспондентская сеть в Дальневосточном федеральном;dfo@tass.ru;;;4565;ЛОЖЬ;;70516;ЛОЖЬ
1928;159;Отдел по малому и среднему бизнесу;MSB@tass.ru;;;1298;ЛОЖЬ;;70467;ЛОЖЬ
1929;12;S:\tass\Lotus_ID;ДИТ;;;1365;ЛОЖЬ;;70750;ЛОЖЬ
1930;12;S:\tass\Lotus_ID;ДИТ;;;1365;ЛОЖЬ;;70750;ЛОЖЬ
1931;12;S:\tass\Podpiska;Департамент продаж;;;1809;ЛОЖЬ;;70751;ЛОЖЬ
1932;160;Спецпроект фотохостингов редакции фотоинформации ТАСС;photohosting@tassphoto.com;;;4643;ЛОЖЬ;;cname для photohosting@tass.ru;ЛОЖЬ
1933;20;VPN_EPAM;VPN_EPAM;10;893;2947;ЛОЖЬ;;70514, 70524, 70891;ЛОЖЬ
1934;191;culturalforum2018;;;;4643;ЛОЖЬ;;70375;ЛОЖЬ
1936;135;jira.itass.local CNAME;jira.itass.local CNAME;;;;ЛОЖЬ;;;ЛОЖЬ
1938;135;confluence.itass.local CNAME;confluence.itass.local CNAME;;;;ЛОЖЬ;;;ЛОЖЬ
1939;135;bitbucket.itass.local CNAME;bitbucket.itass.local CNAME;;;;ЛОЖЬ;;;ЛОЖЬ
1940;135;bamboo.itass.local CNAME;bamboo.itass.local CNAME;;;;ЛОЖЬ;;;ЛОЖЬ
1941;135;konkurssmi.etokavkaz.ru CNAME;konkurssmi.etokavkaz.ru CNAME;;;;ЛОЖЬ;;;ЛОЖЬ
1942;160;mediafacade_notification;mediafacade_notification;;;4618;ЛОЖЬ;;70999, 71007, SD_Tier3;ЛОЖЬ
1943;12;S:\ДИТ\MaxPatrol_Reports;MaxPatrol_Reports;;;16986;ЛОЖЬ;;71435, SD_Tier3 - R;ЛОЖЬ
1944;135;172.28.32.19 DNS;172.28.32.19 DNS;;;;ЛОЖЬ;;;ЛОЖЬ
1945;135;91.216.130.15 A;91.216.130.15 A;;;;ЛОЖЬ;;;ЛОЖЬ
1946;12;S:\СМиП\Booking;S:\СМиП\Booking;;;17776;ЛОЖЬ;;72067;ЛОЖЬ
1947;119;База ИУИ;ИУИ;;2411;3899;ЛОЖЬ;;8.3;ЛОЖЬ
1948;12;S:\СМиП\Паспорта продуктов;;;;;ЛОЖЬ;;;ЛОЖЬ
1949;135;sobytiegoda2018.tassphoto.com;sobytiegoda2018.tassphoto.com;;;;ЛОЖЬ;;;ЛОЖЬ
1950;12;S:\РСиГИ\Социнфо;Социнфо;;;17082;ЛОЖЬ;;72048;ЛОЖЬ
1951;12;S:\ДРП\Общие;;;;17822;ЛОЖЬ;;72009;ЛОЖЬ
1952;159;Планы релизов ДРП;drp_rp@tass.ru;;;18123;ЛОЖЬ;;72522;ЛОЖЬ
1953;12;S:\Общая\#ТАССемья 2018;;;;17590;ЛОЖЬ;;72297, Для всех сотрудников;ЛОЖЬ
1954;12;S:\СМиП\Минкульт_отчетные материалы;;;;17351;ЛОЖЬ;;72589;ЛОЖЬ
1955;189;Deti;;;;17807;ЛОЖЬ;;72761;ЛОЖЬ
1956;12;S:\FTP\Photo\assets\RIC\Peterburg;;;;4643;ЛОЖЬ;;72833;ЛОЖЬ
1958;134;172.28.40.226;;;;;ЛОЖЬ;;;ЛОЖЬ
1959;12;S:\Проекты\ТАСС Медиа;;;;18046;ЛОЖЬ;;73190;ЛОЖЬ
1960;12;S:\ФИОП Спецпроект отчет;;;;17672;ЛОЖЬ;;73317;ЛОЖЬ
1961;160;Мэгги;maggie@tass.ru;;;17486;ЛОЖЬ;;73279;ЛОЖЬ
1962;12;S:\Корпоративные соцсети;Корпоративные соцсети;;;2096;ЛОЖЬ;;73308;ЛОЖЬ
1963;159;Маркет;primarymarket@tass.ru;;;10817;ЛОЖЬ;;73335;ЛОЖЬ
1964;135;nexus.itass.local CNAME;nexus.itass.local CNAME;;;;ЛОЖЬ;;;ЛОЖЬ
1965;5;FR_PC_Admin;FR_PC_Admin;;;;ЛОЖЬ;;73908;ЛОЖЬ
1966;12;S:\FTP\Photo\Elvis;;;;4643;ЛОЖЬ;;74432;ЛОЖЬ
1967;134;172.28.55.20:443;;;;;ЛОЖЬ;;;ЛОЖЬ
1969;134;172.28.41.51:443;;;;;ЛОЖЬ;;;ЛОЖЬ
1970;12;S:\ДКК\;ДКК;;;18194;ЛОЖЬ;;74496;ЛОЖЬ
1971;191;dmz-tphoto-db1.dmz.tass.ru;;;;4643;ЛОЖЬ;;74622;ЛОЖЬ
1972;5;Администраторы LAPS;LAPS_WS;;;16923;ЛОЖЬ;;74829;ЛОЖЬ
1973;12;S:\Кадры\ГИТ_2019;ГИТ_2019;;;10798;ЛОЖЬ;;74498;ЛОЖЬ
1974;135;194.28.236.57;194.28.236.57;;;;ЛОЖЬ;;;ЛОЖЬ
1975;12;S:\Photohosting_new;Photohosting_new;;;18046;ЛОЖЬ;;75090;ЛОЖЬ
1976;5;DAM_РФИ_Переводчики;DAM_РФИ_Переводчики;;;4643;ЛОЖЬ;;75232;ЛОЖЬ
1977;5;DAM_ОИБ;DAM_ОИБ;;;4643;ЛОЖЬ;;75337;ЛОЖЬ
1978;5;TerminalAdmin;TerminalAdmin;;;4442;ЛОЖЬ;;75371;ЛОЖЬ
1979;5;TerminalManager;TerminalManager;;;4442;ЛОЖЬ;;75371;ЛОЖЬ
1980;5;TerminalDevAdmin;TerminalDevAdmin;;;4442;ЛОЖЬ;;75371;ЛОЖЬ
1981;5;TerminalDevManager;TerminalDevManager;;;4442;ЛОЖЬ;;75371;ЛОЖЬ
1982;160;photodesk;photodesk@tass.ru;;;;ЛОЖЬ;;;ЛОЖЬ
1983;159;События редакции фотоинформации;photoevents@tass.ru;;;4643;ЛОЖЬ;;75417;ЛОЖЬ
1984;20;RDP;RDP;10;893;2947;ЛОЖЬ;;;ЛОЖЬ
1985;159;Онлайн конференция ТАСС;online-conference@tass.ru;;;10782;ЛОЖЬ;;76722, интернет, без книги, без отправки;ЛОЖЬ
1986;135;172.28.55.135 A;172.28.55.135 A;;;;ЛОЖЬ;;;ЛОЖЬ
1987;12;S:\ДИТ\ОТО\Backup;;;;2778;ЛОЖЬ;;78373, SD_Tier3;ЛОЖЬ
1988;160;Стратегические цели развития;projects2024@tass.ru;;;10817;ЛОЖЬ;;77805, интернет, книга;ЛОЖЬ
1989;12;S:\Съемки-Архив-2;;;;4643;ЛОЖЬ;;;ЛОЖЬ
1990;12;S:\Фото\System;;;;4643;ЛОЖЬ;;;ЛОЖЬ
1991;12;S:\ДИТ\УРиСИС\ОФТ;;;;;ЛОЖЬ;;;ЛОЖЬ
1992;135;b-http-int.vip.itass.local CNAME;b-http-int.vip.itass.local CNAME;;;;ЛОЖЬ;;;ЛОЖЬ
1993;160;Информационная рассылка 1С;1CInformation@tass.ru;;;;ЛОЖЬ;;;ЛОЖЬ
1994;160;Уведомления о событиях сервиса Spoon;spoon_notification@tass.ru;;;4618;ЛОЖЬ;;89543, без книги, без интернета;ЛОЖЬ
1995;191;forumyalta2019.tassphoto.com;;;;4643;ЛОЖЬ;;77967;ЛОЖЬ
1996;191;forumarctica2019.tassphoto.com;;;;4643;ЛОЖЬ;;77965;ЛОЖЬ
1997;191;krasnoforum2019.tassphoto.com;;;;4643;ЛОЖЬ;;77963;ЛОЖЬ
1998;159;Пресс-центр Международного стратегического форума по интеллектуальной собственности IPQuorum 2019;ipquorum2019@tass.ru;;;16240;ЛОЖЬ;;77891, интернет, без книги;ЛОЖЬ
1999;134;172.28.55.135:443;;;;;ЛОЖЬ;;;ЛОЖЬ
2000;159;Редакция портала «Будущее России. Национальные проекты»;smm-brf@tass.ru;;;10817;ЛОЖЬ;;78577, интернет, без книги;ЛОЖЬ
2001;134;172.28.43.253:443;;;;;ЛОЖЬ;;;ЛОЖЬ
2002;160;Коммерческий контент tass.ru;commercial@tass.ru;;;929;ЛОЖЬ;;;ЛОЖЬ
2003;135;lb-http-int.vip.itass.local CNAME;lb-http-int.vip.itass.local CNAME;;;;ЛОЖЬ;;;ЛОЖЬ
2004;159;Управление по сопровождению продаж;44_legal@tass.ru;;;17200;ЛОЖЬ;;77089, интернет, без книги;ЛОЖЬ
2005;159;ДРП – вопросы и поддержка;isupport@tass.ru;;;16850;ЛОЖЬ;;75910;ЛОЖЬ
2008;159;ДКК;corpcomms@tass.ru;;;18194;ЛОЖЬ;;74927, без интернета, без книги;ЛОЖЬ
2009;12;S:\ФОТО\Выставки;;;;864;ЛОЖЬ;;76418;ЛОЖЬ
2010;12;S:\Общая\#ТАССВЕСНА;;;;2060;ЛОЖЬ;;77045;ЛОЖЬ
2011;160;Терминал. Поддержка;terminal_feedback@tass.ru;;;4442;ЛОЖЬ;;76612, интернет, без книги;ЛОЖЬ
2013;159;Общий календарь ДИТ;ditsharedcalendar@tass.ru;;;17151;ЛОЖЬ;;79130;ЛОЖЬ
2014;12;S:\ДП\База контактов клиентов;;;;17308;ЛОЖЬ;;80778;ЛОЖЬ
2016;12;S:\СМиП\Еженедельные отчеты\База контактов клиентов;;;;17308;ЛОЖЬ;;80778;ЛОЖЬ
2017;146;ФИПС;ФИПС;;;;ЛОЖЬ;;;ЛОЖЬ
2018;146;СБИС;СБИС;;;;ЛОЖЬ;;;ЛОЖЬ
2019;146;223 ФЗ;223 ФЗ;;;;ЛОЖЬ;;;ЛОЖЬ
2020;146;Диадок;;;;;ЛОЖЬ;;;ЛОЖЬ
2021;118;Лента;;;;;ЛОЖЬ;;;ЛОЖЬ
2023;5;Уральский РИЦ - администратор;AD_NSK_Admins;10;;;ЛОЖЬ;;;ЛОЖЬ
2024;135;194.28.236.195 A;194.28.236.195 A;;;;ЛОЖЬ;;;ЛОЖЬ
2025;135;msk-fs-dit1.tass.ru;msk-fs-dit1.tass.ru;;;;ЛОЖЬ;;;ЛОЖЬ
2026;135;194.28.236.224 A;194.28.236.224 A;;;;ЛОЖЬ;;;ЛОЖЬ
2027;135;lb-http-int.vip.itass.local CNAME;lb-http-int.vip.itass.local CNAME;;;;ЛОЖЬ;;;ЛОЖЬ
2028;159;Передача в Лотус для сайта ANIA.NEWS.INFO;ania-kaz@tass.ru;;;3176;ЛОЖЬ;;83215;ЛОЖЬ
2029;189;TASS\GBF;;;;3176;ЛОЖЬ;;83507;ЛОЖЬ
2030;135;192.168.25.27 A;192.168.25.27 A;;;;ЛОЖЬ;;;ЛОЖЬ
2031;135;lb-http-int.prod.itass.local CNAME;lb-http-int.prod.itass.local. CNAME;;;;ЛОЖЬ;;;ЛОЖЬ
2032;135;wiki-backend-old.preprod.itass.local CNAME;wiki-backend-old.preprod.itass.local CNAME;;;;ЛОЖЬ;;;ЛОЖЬ
2033;105;Сотрудники;;;;;ЛОЖЬ;;;ЛОЖЬ
2034;12;S:\Фото\Фото_ГСА;;;;2642;ЛОЖЬ;;82940;ЛОЖЬ
2035;115;Фотохроника;Фотохроника;;;;ЛОЖЬ;;;ЛОЖЬ
2036;199;Пользователи;;;;;ЛОЖЬ;;;ЛОЖЬ
2037;159;СПБ;spb@tass.ru;;;;ЛОЖЬ;;;ЛОЖЬ
2038;159;Instagram ТАСС Театр;smm_teatr@tass.ru;;;17832;ЛОЖЬ;;80043, без книги, интернет;ЛОЖЬ
2039;135;jira.test.itass.local CNAME;jira.test.itass.local CNAME;;;;ЛОЖЬ;;;ЛОЖЬ
2040;135;194.28.236.83 A;194.28.236.83 A;;;;ЛОЖЬ;;;ЛОЖЬ
2041;20;VPN_DAM;VPN_DAM;10;893;2947;ЛОЖЬ;;84512;ЛОЖЬ
2042;135;82.202.190.72 A;82.202.190.72 A;;;;ЛОЖЬ;;;ЛОЖЬ
2043;160;Выпуск портала Будущее России;tassfuture@tass.ru;;;10817;ЛОЖЬ;;81322, книга, интернет;ЛОЖЬ
2044;159;"Портал ""Будущее России. Национальные проекты""";futurerussia@tass.ru;;;10817;ЛОЖЬ;;80990, книга, интернет;ЛОЖЬ
2045;135;192.168.29.6 A;192.168.29.6 A;;;;ЛОЖЬ;;;ЛОЖЬ
2046;160;Партнерские проекты (ЦП);partnerprojects@tass.ru;;;2660;ЛОЖЬ;;85653, без инернета, книга;ЛОЖЬ
2047;135;194.28.236.6 A;194.28.236.6 A;;;;ЛОЖЬ;;;ЛОЖЬ
2048;160;Выпуск портала Будущее России;desk2024@tass.ru;;;18258;ЛОЖЬ;;85537, без книги, интернет;ЛОЖЬ
2049;5;DAM_Администраторы;DAM_Администраторы;10;4643;4643;ЛОЖЬ;;86313, OU=Elvis;ЛОЖЬ
2050;12;S:\СМиП\Клиентские листы;;10;;17308;ЛОЖЬ;;86316;ЛОЖЬ
2051;197;oilgasforum2019.tassphoto.com;;;4643;1653;ЛОЖЬ;;;ЛОЖЬ
2052;119;База Do_test3;;;2411;10693;ЛОЖЬ;;;ЛОЖЬ
2054;135;194.28.236.85 A;194.28.236.85 A;;;;ЛОЖЬ;;;ЛОЖЬ
2055;159;Информационное партнерство и работа в рамках выставки World Food Moscow 2019;worldfood@tass.ru;;;10659;ЛОЖЬ;;87478, интернет, без книги;ЛОЖЬ
2056;12;S:\ДКК\Общая;;;;;ЛОЖЬ;;;ЛОЖЬ
2057;200;Facebook;Facebook;;;;ЛОЖЬ;;TASSagency;ЛОЖЬ
2058;200;Twitter;Twitter;;;;ЛОЖЬ;;TASSagency;ЛОЖЬ
2059;200;VK;VK;;;;ЛОЖЬ;;TASSagency;ЛОЖЬ
2060;200;OK;OK;;;;ЛОЖЬ;;TASSagency;ЛОЖЬ
2061;200;Pikabu;Pikabu;;;;ЛОЖЬ;;TASSagency;ЛОЖЬ
2062;200;Instagram;Instagram;;;;ЛОЖЬ;;TASSagency;ЛОЖЬ
2063;200;Youtube;Youtube;;;;ЛОЖЬ;;TASSagency;ЛОЖЬ
2066;12;S:\Проекты\СЭД;;;;10846;ЛОЖЬ;;87761;ЛОЖЬ
2067;12;S:\Проекты\ЗУП;;;;18283;ЛОЖЬ;;87761;ЛОЖЬ
2068;12;S:\Проекты\НМА;;;;17805;ЛОЖЬ;;87761;ЛОЖЬ
2069;200;face;face;;;;ЛОЖЬ;;;ЛОЖЬ
2070;200;tw;twi;;;;ЛОЖЬ;;;ЛОЖЬ
2071;189;Lotus2tassru;;;;1365;ЛОЖЬ;;87945;ЛОЖЬ
2072;135;91.216.130.32 A;91.216.130.32 A;;;;ЛОЖЬ;;;ЛОЖЬ
2073;135;10.123.0.11 A;10.123.0.11 A;;;;ЛОЖЬ;;;ЛОЖЬ
2074;202;Администратор;;;;;ЛОЖЬ;;;ЛОЖЬ
2075;159;НЬЮМ;newm@tass.ru;;;17807;ЛОЖЬ;;89867, интернет, без книги;ЛОЖЬ
2076;5;Newm;Newm;;;17807;ЛОЖЬ;;90100;ЛОЖЬ
2077;12;S:\УД\СУО\КЦ;;;;5;ЛОЖЬ;;90290;ЛОЖЬ
2078;12;S:\Нацпроекты\Фото;Новиков В.Ю.;;;;ЛОЖЬ;;;ЛОЖЬ
2079;12;S:\Нацпроекты\Видео;Новиков В.Ю.;;;;ЛОЖЬ;;;ЛОЖЬ
2080;12;S:\ЮД\Фотоархив;;;;17325;ЛОЖЬ;;;ЛОЖЬ
2081;159;beProductive;press_beproductive@tass.ru;;;17612;ЛОЖЬ;;90464, без книги, интернет;ЛОЖЬ
2083;12;S:\Фото\ЛЕТУЧКИ;;;;18064;ЛОЖЬ;;90397;ЛОЖЬ
